ID,NOMBRE,APELLIDO,CEDULA,TIPO,ROL,NIT,EMAIL,COSTO_MULTA
1,Amy,Hallyburton,1632643,empresa,operador,,ahallyburton0@sphinn.com,0.0
2,Rhetta,Mansbridge,3265286,empresa,operador,2000000,rmansbridge1@freewebs.com,0.0
3,Kimbell,Hargreves,4897929,invitado,cliente,,khargreves2@sitemeter.com,0.0
4,Kimmi,Kleinlerer,6530572,invitado,cliente,,kkleinlerer3@cornell.edu,0.0
5,Delmore,Speechly,8163215,invitado,operador,,dspeechly4@deliciousdays.com,0.0
6,Reginald,Maydway,9795858,empresa,operador,,rmaydway5@nbcnews.com,0.0
7,Maritsa,Abrahmovici,11428501,empresa,operador,,mabrahmovici6@google.it,0.0
8,Tanny,Brinsden,13061144,invitado,cliente,,tbrinsden7@scribd.com,0.0
9,Lorette,Poskitt,14693787,empresa,cliente,,lposkitt8@fastcompany.com,0.0
10,Pepi,Poston,16326430,empresa,cliente,,pposton9@cnn.com,0.0
11,Geri,Kenwrick,17959073,invitado,operador,,gkenwricka@earthlink.net,0.0
12,Jessamine,Roch,19591716,profesor,operador,,jrochb@imdb.com,0.0
13,Simona,Curgenven,21224359,padre,operador,13000000,scurgenvenc@blinklist.com,0.0
14,Cristy,Saltmarshe,22857002,empresa,operador,,csaltmarshed@tinypic.com,0.0
15,Gilberte,Pittle,24489645,empresa,cliente,,gpittlee@cmu.edu,0.0
16,Sarita,Spraging,26122288,empresa,cliente,,sspragingf@nasa.gov,0.0
17,Morgan,Bernette,27754931,empresa,cliente,,mbernetteg@ucsd.edu,0.0
18,Stafford,Beecker,29387574,invitado,operador,,sbeeckerh@uiuc.edu,0.0
19,Farlie,Cockrem,31020217,padre,operador,,fcockremi@apache.org,0.0
20,Ade,Brand,32652860,padre,operador,,abrandj@google.co.uk,0.0
21,Ford,Imesen,34285503,empresa,operador,,fimesenk@nyu.edu,0.0
22,Corine,Everson,35918146,invitado,cliente,,ceversonl@pbs.org,0.0
23,Lonny,Kiloh,37550789,empresa,cliente,,lkilohm@jigsy.com,0.0
24,Clea,Burnsell,39183432,invitado,operador,,cburnselln@newsvine.com,0.0
25,Lisbeth,Mantz,40816075,invitado,cliente,,lmantzo@privacy.gov.au,0.0
26,Isidor,Broadey,42448718,profesor,cliente,,ibroadeyp@cisco.com,0.0
27,Craggy,Rubinfeld,44081361,empresa,cliente,,crubinfeldq@mayoclinic.com,0.0
28,Editha,Wolfer,45714004,profesor,cliente,28000000,ewolferr@gnu.org,0.0
29,Haze,Oakton,47346647,profesor,cliente,29000000,hoaktons@microsoft.com,0.0
30,Athena,Ronchetti,48979290,invitado,cliente,,aronchettit@redcross.org,0.0
31,Pippy,Trussell,50611933,invitado,cliente,,ptrussellu@ox.ac.uk,0.0
32,Lana,Boutellier,52244576,empresa,operador,,lboutellierv@wikimedia.org,0.0
33,Kinna,Broggelli,53877219,empresa,cliente,,kbroggelliw@webeden.co.uk,0.0
34,Elizabet,Dukes,55509862,invitado,operador,,edukesx@ebay.co.uk,0.0
35,Ave,Jepps,57142505,empresa,operador,35000000,ajeppsy@earthlink.net,0.0
36,Juan,Ravens,58775148,profesor,cliente,,jravensz@geocities.com,0.0
37,Leo,Giddens,60407791,padre,cliente,,lgiddens10@sitemeter.com,0.0
38,Jill,Padula,62040434,registrado,cliente,,jpadula11@livejournal.com,0.0
39,Rustie,Dytham,63673077,empresa,cliente,,rdytham12@cbslocal.com,0.0
40,Eleanor,Colisbe,65305720,invitado,operador,,ecolisbe13@t.co,0.0
41,Connor,Pariss,66938363,empresa,cliente,,cpariss14@hugedomains.com,0.0
42,Justen,Stubbington,68571006,empresa,operador,,jstubbington15@gizmodo.com,0.0
43,Katharina,Teacy,70203649,empresa,cliente,,kteacy16@netlog.com,0.0
44,Adah,Stillman,71836292,padre,cliente,,astillman17@wikipedia.org,0.0
45,Bjorn,Berrow,73468935,empresa,cliente,,bberrow18@histats.com,0.0
46,Davie,Lacroix,75101578,profesor,operador,,dlacroix19@lulu.com,0.0
47,Marcellina,Pimley,76734221,empresa,cliente,,mpimley1a@state.gov,0.0
48,Shawn,Salatino,78366864,empresa,operador,,ssalatino1b@opensource.org,0.0
49,Filmer,Maior,79999507,empresa,cliente,,fmaior1c@bloomberg.com,0.0
50,Mylo,Bewshea,81632150,empleado,cliente,,mbewshea1d@yahoo.co.jp,0.0
51,Nigel,Berick,83264793,empresa,cliente,,nberick1e@jiathis.com,0.0
52,Ottilie,Ovenell,84897436,invitado,cliente,,oovenell1f@businesswire.com,0.0
53,Margo,Vineall,86530079,empleado,operador,,mvineall1g@sakura.ne.jp,0.0
54,Melody,Gasnell,88162722,empresa,operador,,mgasnell1h@slate.com,0.0
55,Austin,Langton,89795365,empresa,operador,,alangton1i@biblegateway.com,0.0
56,Beryl,Chelam,91428008,empresa,cliente,,bchelam1j@vinaora.com,0.0
57,Paola,Wilmot,93060651,empresa,operador,,pwilmot1k@cnn.com,0.0
58,Kanya,Perkinson,94693294,invitado,operador,,kperkinson1l@shop-pro.jp,0.0
59,Vannie,Stoffer,96325937,empresa,cliente,,vstoffer1m@phoca.cz,0.0
60,Lizette,Timcke,97958580,empresa,operador,60000000,ltimcke1n@uiuc.edu,0.0
61,Teena,Wittman,99591223,invitado,cliente,,twittman1o@shutterfly.com,0.0
62,Idaline,Greedier,101223866,empresa,operador,,igreedier1p@4shared.com,0.0
63,Isa,Rimell,102856509,empresa,cliente,,irimell1q@symantec.com,0.0
64,Abe,Boucher,104489152,padre,operador,,aboucher1r@marriott.com,0.0
65,Justus,Tellwright,106121795,empresa,operador,,jtellwright1s@typepad.com,0.0
66,Nate,Stroband,107754438,empresa,cliente,,nstroband1t@mysql.com,0.0
67,Engracia,Peasby,109387081,empresa,cliente,,epeasby1u@theguardian.com,0.0
68,Ronna,Shoebridge,111019724,empresa,operador,,rshoebridge1v@constantcontact.com,0.0
69,Chantal,Curnock,112652367,padre,cliente,,ccurnock1w@go.com,0.0
70,Tully,Dobinson,114285010,empresa,operador,,tdobinson1x@yellowpages.com,0.0
71,Lela,Gilloran,115917653,empresa,operador,,lgilloran1y@wikispaces.com,0.0
72,Idell,Bunyard,117550296,empresa,operador,,ibunyard1z@canalblog.com,0.0
73,Martina,Celle,119182939,empresa,operador,,mcelle20@earthlink.net,0.0
74,Mile,Tohill,120815582,empresa,cliente,,mtohill21@hexun.com,0.0
75,Andras,Picken,122448225,empresa,cliente,,apicken22@google.co.uk,0.0
76,Marina,Andrioletti,124080868,empresa,operador,,mandrioletti23@state.tx.us,0.0
77,Lorrie,Frosch,125713511,empresa,operador,,lfrosch24@yandex.ru,0.0
78,Rex,Drinkale,127346154,invitado,operador,,rdrinkale25@disqus.com,0.0
79,Sawyer,Igo,128978797,empresa,operador,,sigo26@ezinearticles.com,0.0
80,Desmund,Flaws,130611440,invitado,operador,,dflaws27@bbb.org,0.0
81,Adamo,Brimicombe,132244083,invitado,cliente,,abrimicombe28@auda.org.au,0.0
82,Emelia,Chazelle,133876726,empresa,operador,,echazelle29@reuters.com,0.0
83,Perle,Woollett,135509369,invitado,cliente,,pwoollett2a@blogtalkradio.com,0.0
84,Janie,Popham,137142012,invitado,cliente,,jpopham2b@fastcompany.com,0.0
85,Essa,Reed,138774655,profesor,operador,,ereed2c@disqus.com,0.0
86,Granthem,Gaskall,140407298,empresa,cliente,,ggaskall2d@altervista.org,0.0
87,Rahal,Deathridge,142039941,empresa,operador,,rdeathridge2e@cnbc.com,0.0
88,Avivah,Gladwin,143672584,empresa,cliente,,agladwin2f@chronoengine.com,0.0
89,Wilone,Gascoine,145305227,empresa,cliente,,wgascoine2g@cnbc.com,0.0
90,Corbin,Insoll,146937870,empresa,cliente,,cinsoll2h@npr.org,0.0
91,Ebenezer,McAuslene,148570513,empresa,operador,,emcauslene2i@studiopress.com,0.0
92,Colline,Meiklam,150203156,empresa,operador,,cmeiklam2j@skype.com,0.0
93,Evelyn,Polino,151835799,empresa,cliente,,epolino2k@mtv.com,0.0
94,Antoine,Bradnam,153468442,empresa,operador,,abradnam2l@merriam-webster.com,0.0
95,Genovera,Tearney,155101085,profesor,cliente,,gtearney2m@lycos.com,0.0
96,Rachele,Rowesby,156733728,empresa,operador,96000000,rrowesby2n@ihg.com,0.0
97,Cordy,Bruckstein,158366371,estudiante,cliente,,cbruckstein2o@bbc.co.uk,0.0
98,Verney,Crighton,159999014,padre,operador,,vcrighton2p@hp.com,0.0
99,Bernadene,Cluney,161631657,invitado,cliente,,bcluney2q@mlb.com,0.0
100,Sashenka,Jeayes,163264300,empresa,cliente,,sjeayes2r@google.co.uk,0.0
101,Shell,Ranyard,164896943,invitado,cliente,,sranyard2s@weibo.com,0.0
102,Beulah,Lammenga,166529586,empresa,cliente,,blammenga2t@microsoft.com,0.0
103,Aleen,Murcutt,168162229,profesor,cliente,,amurcutt2u@comsenz.com,0.0
104,Olivette,Fulkes,169794872,empresa,operador,,ofulkes2v@ow.ly,0.0
105,Tillie,Ferrao,171427515,estudiante,operador,,tferrao2w@geocities.jp,0.0
106,Dallon,Ferson,173060158,empresa,cliente,,dferson2x@multiply.com,0.0
107,Desmund,Swanborough,174692801,invitado,cliente,,dswanborough2y@msn.com,0.0
108,Ashlee,Painter,176325444,padre,cliente,,apainter2z@goo.gl,0.0
109,Kerry,Thurbon,177958087,padre,operador,,kthurbon30@webnode.com,0.0
110,Broddie,Dempster,179590730,empresa,operador,,bdempster31@wp.com,0.0
111,Shaina,Treves,181223373,empresa,operador,,streves32@pinterest.com,0.0
112,Berty,Cheeld,182856016,invitado,operador,,bcheeld33@flickr.com,0.0
113,Andras,Fortie,184488659,padre,cliente,,afortie34@people.com.cn,0.0
114,Vi,Cryer,186121302,invitado,operador,,vcryer35@miitbeian.gov.cn,0.0
115,Rogers,Harmour,187753945,empresa,operador,,rharmour36@mac.com,0.0
116,Franny,Farmery,189386588,profesor,cliente,,ffarmery37@1und1.de,0.0
117,Arnie,Cheverell,191019231,empresa,cliente,,acheverell38@spiegel.de,0.0
118,Hansiain,Cordeau,192651874,profesor,cliente,118000000,hcordeau39@hatena.ne.jp,0.0
119,Sloan,Moresby,194284517,empresa,operador,,smoresby3a@hc360.com,0.0
120,Julee,Shawyer,195917160,empresa,cliente,,jshawyer3b@mit.edu,0.0
121,Brandice,Weddeburn - Scrimgeour,197549803,empresa,operador,,bweddeburnscrimgeour3c@berkeley.edu,0.0
122,Allianora,Hills,199182446,invitado,operador,,ahills3d@google.com.au,0.0
123,Deena,Vockings,200815089,empresa,operador,123000000,dvockings3e@webs.com,0.0
124,Gregoor,Eller,202447732,invitado,cliente,,geller3f@google.co.jp,0.0
125,Shelden,Charity,204080375,empresa,operador,,scharity3g@redcross.org,0.0
126,Malynda,Dionis,205713018,empresa,cliente,,mdionis3h@pagesperso-orange.fr,0.0
127,Joanie,Hakonsen,207345661,padre,operador,,jhakonsen3i@linkedin.com,0.0
128,Zsazsa,Slate,208978304,invitado,cliente,,zslate3j@japanpost.jp,0.0
129,Estella,Devonish,210610947,empleado,operador,,edevonish3k@phpbb.com,0.0
130,Ester,Reubel,212243590,invitado,cliente,,ereubel3l@nydailynews.com,0.0
131,Pammie,Eberdt,213876233,empresa,operador,,peberdt3m@google.ru,0.0
132,Michale,Goodlet,215508876,invitado,cliente,,mgoodlet3n@jalbum.net,0.0
133,Barry,Annott,217141519,empresa,operador,,bannott3o@va.gov,0.0
134,Des,Meake,218774162,invitado,cliente,,dmeake3p@ted.com,0.0
135,Libby,Dupree,220406805,empresa,cliente,,ldupree3q@nytimes.com,0.0
136,Ann-marie,Langfield,222039448,padre,operador,,alangfield3r@msu.edu,0.0
137,Minnie,Copplestone,223672091,padre,cliente,,mcopplestone3s@eepurl.com,0.0
138,Cari,Lassells,225304734,empleado,cliente,,classells3t@illinois.edu,0.0
139,Ketti,Alleyn,226937377,invitado,operador,139000000,kalleyn3u@harvard.edu,0.0
140,Johnny,Bothie,228570020,empresa,operador,,jbothie3v@bloglovin.com,0.0
141,Kennith,Ayars,230202663,empresa,cliente,,kayars3w@sciencedirect.com,0.0
142,Rois,Veevers,231835306,invitado,cliente,,rveevers3x@dmoz.org,0.0
143,Kellsie,Lambotin,233467949,empresa,operador,,klambotin3y@last.fm,0.0
144,Emili,Antoni,235100592,profesor,operador,,eantoni3z@ezinearticles.com,0.0
145,Germaine,Waldera,236733235,invitado,cliente,,gwaldera40@google.com.au,0.0
146,Jules,Jimson,238365878,empresa,cliente,,jjimson41@cyberchimps.com,0.0
147,Nickey,Proom,239998521,empleado,cliente,,nproom42@wisc.edu,0.0
148,Christan,Swabey,241631164,empresa,operador,,cswabey43@unblog.fr,0.0
149,Willette,Vickors,243263807,invitado,cliente,,wvickors44@ask.com,0.0
150,Brandise,Jarret,244896450,empresa,cliente,,bjarret45@cdc.gov,0.0
151,Glennie,Lopes,246529093,empresa,cliente,,glopes46@bizjournals.com,0.0
152,Ronald,Feacham,248161736,padre,operador,,rfeacham47@amazon.com,0.0
153,Lotty,Winsper,249794379,invitado,operador,,lwinsper48@a8.net,0.0
154,Corny,Scouller,251427022,empresa,operador,,cscouller49@mit.edu,0.0
155,Jada,Giovannacci,253059665,empresa,operador,,jgiovannacci4a@rediff.com,0.0
156,Marcie,Morling,254692308,invitado,cliente,,mmorling4b@cnbc.com,0.0
157,Gloriane,Askwith,256324951,invitado,cliente,,gaskwith4c@washington.edu,0.0
158,Selene,Glusby,257957594,empresa,cliente,,sglusby4d@bluehost.com,0.0
159,Ora,Nash,259590237,estudiante,operador,,onash4e@gizmodo.com,0.0
160,Georas,Dellenbrook,261222880,empresa,cliente,,gdellenbrook4f@furl.net,0.0
161,Hyacinth,Vere,262855523,empresa,operador,,hvere4g@illinois.edu,0.0
162,Sandor,Kesley,264488166,profesor,operador,,skesley4h@shutterfly.com,0.0
163,Lisetta,Philbin,266120809,empresa,cliente,163000000,lphilbin4i@upenn.edu,0.0
164,Frannie,Merrison,267753452,empresa,operador,,fmerrison4j@umich.edu,0.0
165,Donetta,Oxtaby,269386095,empresa,operador,,doxtaby4k@google.pl,0.0
166,Alley,Cloute,271018738,padre,cliente,,acloute4l@stumbleupon.com,0.0
167,Lilyan,Shackesby,272651381,empresa,cliente,,lshackesby4m@bloglovin.com,0.0
168,Park,Bedenham,274284024,invitado,operador,,pbedenham4n@ocn.ne.jp,0.0
169,Eddie,Hymer,275916667,invitado,cliente,,ehymer4o@nih.gov,0.0
170,Ashien,Petkov,277549310,empresa,operador,,apetkov4p@illinois.edu,0.0
171,Alma,Borrett,279181953,empresa,operador,,aborrett4q@1688.com,0.0
172,Hynda,Moynham,280814596,invitado,cliente,,hmoynham4r@wired.com,0.0
173,Adams,Messitt,282447239,padre,operador,,amessitt4s@creativecommons.org,0.0
174,Paloma,Brawn,284079882,registrado,operador,,pbrawn4t@issuu.com,0.0
175,Levey,McCoughan,285712525,padre,cliente,,lmccoughan4u@wired.com,0.0
176,Saxe,Bartlam,287345168,empresa,operador,,sbartlam4v@adobe.com,0.0
177,Rosalind,Shearstone,288977811,padre,cliente,,rshearstone4w@digg.com,0.0
178,Desmond,Motherwell,290610454,empresa,cliente,,dmotherwell4x@sohu.com,0.0
179,Cecilla,Gouck,292243097,profesor,operador,,cgouck4y@java.com,0.0
180,Florian,Slay,293875740,invitado,operador,,fslay4z@berkeley.edu,0.0
181,Muffin,Lambard,295508383,empresa,operador,181000000,mlambard50@posterous.com,0.0
182,Christiana,Brussels,297141026,padre,cliente,,cbrussels51@wired.com,0.0
183,Taffy,Blanchette,298773669,padre,operador,,tblanchette52@freewebs.com,0.0
184,Erin,Breckin,300406312,invitado,operador,,ebreckin53@mit.edu,0.0
185,Shellie,Aleksahkin,302038955,empresa,cliente,,saleksahkin54@mashable.com,0.0
186,Marita,Hardeman,303671598,padre,operador,,mhardeman55@dyndns.org,0.0
187,Michaela,Scholtis,305304241,empresa,cliente,,mscholtis56@engadget.com,0.0
188,Giusto,Slad,306936884,empresa,cliente,,gslad57@omniture.com,0.0
189,Yves,Mackriell,308569527,profesor,operador,,ymackriell58@elpais.com,0.0
190,Maureen,Farady,310202170,empresa,operador,190000000,mfarady59@netlog.com,0.0
191,Yard,McMorran,311834813,invitado,cliente,,ymcmorran5a@npr.org,0.0
192,Kaia,Blindt,313467456,empresa,operador,192000000,kblindt5b@xinhuanet.com,0.0
193,Lyn,Santry,315100099,empresa,operador,,lsantry5c@php.net,0.0
194,Obidiah,Gillibrand,316732742,invitado,operador,,ogillibrand5d@ucsd.edu,0.0
195,Gardiner,Jeffreys,318365385,empleado,operador,,gjeffreys5e@ed.gov,0.0
196,Julia,McGeachey,319998028,profesor,cliente,196000000,jmcgeachey5f@archive.org,0.0
197,Vergil,Haggerston,321630671,empresa,operador,,vhaggerston5g@wp.com,0.0
198,Garfield,Danielut,323263314,profesor,cliente,,gdanielut5h@ucla.edu,0.0
199,Koral,Southern,324895957,invitado,operador,,ksouthern5i@nytimes.com,0.0
200,Elene,Matushenko,326528600,invitado,cliente,,ematushenko5j@washingtonpost.com,0.0
201,Millisent,Longland,328161243,invitado,operador,,mlongland5k@toplist.cz,0.0
202,Marian,Aubrey,329793886,empresa,cliente,,maubrey5l@unc.edu,0.0
203,Gwenni,Ainsby,331426529,invitado,cliente,,gainsby5m@amazon.de,0.0
204,Alyson,Upcott,333059172,empresa,operador,,aupcott5n@utexas.edu,0.0
205,Carilyn,Mompesson,334691815,invitado,operador,,cmompesson5o@mlb.com,0.0
206,Maureen,Kiernan,336324458,empresa,cliente,,mkiernan5p@godaddy.com,0.0
207,Rick,Ivanishev,337957101,empresa,operador,,rivanishev5q@prlog.org,0.0
208,Matilde,Potte,339589744,empresa,cliente,,mpotte5r@kickstarter.com,0.0
209,Quinton,Kingswood,341222387,empresa,operador,,qkingswood5s@gizmodo.com,0.0
210,Karlis,Paiton,342855030,padre,operador,,kpaiton5t@spiegel.de,0.0
211,Yovonnda,Mayhou,344487673,invitado,operador,,ymayhou5u@cafepress.com,0.0
212,Wren,Strivens,346120316,empresa,cliente,,wstrivens5v@cocolog-nifty.com,0.0
213,Mabel,Snowding,347752959,registrado,cliente,,msnowding5w@wp.com,0.0
214,Ramon,Bartholomew,349385602,padre,operador,,rbartholomew5x@stumbleupon.com,0.0
215,Beryl,Messier,351018245,empresa,operador,,bmessier5y@army.mil,0.0
216,Diane-marie,Warren,352650888,empresa,operador,,dwarren5z@mediafire.com,0.0
217,Gerrie,Carty,354283531,empresa,operador,217000000,gcarty60@imgur.com,0.0
218,Brit,Durham,355916174,empresa,cliente,,bdurham61@youku.com,0.0
219,Craggie,Gollop,357548817,invitado,cliente,,cgollop62@cocolog-nifty.com,0.0
220,Pepi,Portch,359181460,empresa,operador,,pportch63@uol.com.br,0.0
221,Adrea,Brookton,360814103,invitado,cliente,,abrookton64@vistaprint.com,0.0
222,Hewet,Cadwell,362446746,empresa,operador,,hcadwell65@woothemes.com,0.0
223,Yorke,Carmody,364079389,padre,cliente,,ycarmody66@squidoo.com,0.0
224,Creighton,Maleck,365712032,empresa,cliente,,cmaleck67@squidoo.com,0.0
225,Amil,Eustis,367344675,invitado,cliente,,aeustis68@shareasale.com,0.0
226,Devland,Robertelli,368977318,padre,cliente,,drobertelli69@harvard.edu,0.0
227,Rosita,Blaschek,370609961,empresa,cliente,,rblaschek6a@storify.com,0.0
228,Marcille,Varley,372242604,empresa,operador,228000000,mvarley6b@photobucket.com,0.0
229,Bren,Crosdill,373875247,invitado,cliente,,bcrosdill6c@unblog.fr,0.0
230,Emyle,Casellas,375507890,invitado,cliente,,ecasellas6d@people.com.cn,0.0
231,Asher,Brownstein,377140533,empresa,cliente,,abrownstein6e@aol.com,0.0
232,Diane-marie,Braben,378773176,invitado,operador,,dbraben6f@skyrock.com,0.0
233,Milton,Abatelli,380405819,invitado,operador,,mabatelli6g@mayoclinic.com,0.0
234,Ronica,Penkethman,382038462,empresa,cliente,,rpenkethman6h@opensource.org,0.0
235,Christin,Gregory,383671105,empresa,operador,,cgregory6i@independent.co.uk,0.0
236,Chev,Bellew,385303748,empresa,operador,,cbellew6j@icq.com,0.0
237,Auroora,Turfrey,386936391,empresa,operador,,aturfrey6k@weebly.com,0.0
238,Scottie,Phillimore,388569034,registrado,operador,,sphillimore6l@hp.com,0.0
239,Leonhard,Dubarry,390201677,padre,cliente,239000000,ldubarry6m@wordpress.com,0.0
240,Rutherford,Pimer,391834320,empresa,operador,,rpimer6n@bbc.co.uk,0.0
241,Marc,Parkman,393466963,invitado,operador,,mparkman6o@walmart.com,0.0
242,Jeff,Absolom,395099606,padre,cliente,,jabsolom6p@nature.com,0.0
243,Barri,Abbotts,396732249,invitado,operador,,babbotts6q@epa.gov,0.0
244,Bernarr,Poundesford,398364892,padre,operador,,bpoundesford6r@squarespace.com,0.0
245,Ranique,Eisak,399997535,empresa,cliente,,reisak6s@noaa.gov,0.0
246,Raphael,Coffee,401630178,empresa,operador,,rcoffee6t@google.es,0.0
247,Allison,Branigan,403262821,invitado,cliente,,abranigan6u@amazonaws.com,0.0
248,Calida,Balazin,404895464,empresa,cliente,,cbalazin6v@tumblr.com,0.0
249,Karl,Whoston,406528107,empresa,cliente,,kwhoston6w@cdc.gov,0.0
250,Taylor,Daniels,408160750,empresa,operador,,tdaniels6x@a8.net,0.0
251,Luise,Surcombe,409793393,empresa,operador,,lsurcombe6y@seattletimes.com,0.0
252,Hermina,Sillars,411426036,padre,operador,252000000,hsillars6z@chron.com,0.0
253,Rebbecca,Tremberth,413058679,profesor,cliente,,rtremberth70@macromedia.com,0.0
254,Del,Andre,414691322,empresa,operador,,dandre71@washingtonpost.com,0.0
255,Antons,Whiffen,416323965,empresa,cliente,,awhiffen72@prweb.com,0.0
256,Ashley,Possek,417956608,empresa,cliente,,apossek73@reddit.com,0.0
257,Cahra,Oswald,419589251,padre,cliente,,coswald74@google.pl,0.0
258,Iseabal,Hellwich,421221894,estudiante,cliente,258000000,ihellwich75@latimes.com,0.0
259,Vinnie,Anfossi,422854537,empresa,cliente,,vanfossi76@jiathis.com,0.0
260,Nadine,Hazle,424487180,invitado,cliente,,nhazle77@mapquest.com,0.0
261,Eileen,St. Quentin,426119823,padre,operador,,estquentin78@prnewswire.com,0.0
262,Vilma,Belk,427752466,empresa,cliente,,vbelk79@pen.io,0.0
263,Elwyn,Troppmann,429385109,invitado,operador,263000000,etroppmann7a@storify.com,0.0
264,Rozele,d' Elboux,431017752,invitado,operador,,rdelboux7b@apple.com,0.0
265,Meggy,Tampling,432650395,padre,operador,,mtampling7c@boston.com,0.0
266,Zaneta,Dilks,434283038,empresa,cliente,,zdilks7d@state.tx.us,0.0
267,Steffi,Klammt,435915681,padre,operador,,sklammt7e@soup.io,0.0
268,Waylon,Rasher,437548324,empresa,operador,,wrasher7f@bandcamp.com,0.0
269,Atlante,Seden,439180967,empresa,cliente,,aseden7g@auda.org.au,0.0
270,Elna,Kesterton,440813610,invitado,cliente,,ekesterton7h@webs.com,0.0
271,Remy,Aidler,442446253,empresa,cliente,,raidler7i@1688.com,0.0
272,Angelia,Trimme,444078896,empresa,operador,,atrimme7j@freewebs.com,0.0
273,Web,Bonnell,445711539,invitado,operador,,wbonnell7k@imageshack.us,0.0
274,Mauricio,Trevers,447344182,profesor,operador,,mtrevers7l@yolasite.com,0.0
275,Cordie,Biskupiak,448976825,invitado,cliente,,cbiskupiak7m@squarespace.com,0.0
276,Georgeta,Learmont,450609468,empresa,operador,,glearmont7n@wp.com,0.0
277,Isidro,Feasey,452242111,empresa,cliente,,ifeasey7o@cafepress.com,0.0
278,Carter,Matys,453874754,padre,operador,,cmatys7p@webnode.com,0.0
279,Doti,Dawltrey,455507397,padre,cliente,,ddawltrey7q@netscape.com,0.0
280,Cynthy,Rivelon,457140040,invitado,operador,,crivelon7r@squidoo.com,0.0
281,Buckie,Bedding,458772683,empresa,operador,,bbedding7s@biblegateway.com,0.0
282,Mandy,Jarrad,460405326,padre,operador,,mjarrad7t@google.fr,0.0
283,Ronny,Arthy,462037969,profesor,cliente,,rarthy7u@mediafire.com,0.0
284,Kylen,Schrader,463670612,profesor,operador,,kschrader7v@simplemachines.org,0.0
285,Brooke,Grundwater,465303255,empresa,operador,,bgrundwater7w@typepad.com,0.0
286,Maryjo,Aronin,466935898,empresa,cliente,,maronin7x@yellowbook.com,0.0
287,Bellanca,Chesley,468568541,padre,cliente,,bchesley7y@hexun.com,0.0
288,Darren,Sillett,470201184,padre,operador,,dsillett7z@answers.com,0.0
289,Chick,McQuarter,471833827,invitado,cliente,,cmcquarter80@sourceforge.net,0.0
290,Rikki,Kiwitz,473466470,empresa,operador,,rkiwitz81@cloudflare.com,0.0
291,Theresina,Easthope,475099113,empleado,cliente,,teasthope82@cnbc.com,0.0
292,Quintus,Bradbrook,476731756,empresa,operador,,qbradbrook83@gmpg.org,0.0
293,Ellette,Thonger,478364399,empresa,operador,,ethonger84@baidu.com,0.0
294,Jaine,Birtchnell,479997042,padre,operador,,jbirtchnell85@sciencedaily.com,0.0
295,Yolanda,Tyzack,481629685,empresa,operador,295000000,ytyzack86@disqus.com,0.0
296,Allie,Capron,483262328,profesor,operador,,acapron87@hhs.gov,0.0
297,Fredra,Suttill,484894971,invitado,operador,,fsuttill88@google.com.hk,0.0
298,Gabriel,Gibberd,486527614,empresa,cliente,,ggibberd89@opera.com,0.0
299,Conn,Beckett,488160257,profesor,operador,,cbeckett8a@abc.net.au,0.0
300,Mabel,Bote,489792900,padre,cliente,,mbote8b@state.gov,0.0
301,Frasquito,Ternott,491425543,invitado,operador,,fternott8c@cyberchimps.com,0.0
302,Florencia,Ramsbotham,493058186,invitado,cliente,,framsbotham8d@house.gov,0.0
303,Alia,Calderon,494690829,empresa,operador,,acalderon8e@networksolutions.com,0.0
304,Franciskus,Smithyman,496323472,empresa,operador,,fsmithyman8f@usgs.gov,0.0
305,Herbert,Symones,497956115,empresa,operador,,hsymones8g@independent.co.uk,0.0
306,Andy,Logsdale,499588758,profesor,cliente,,alogsdale8h@deviantart.com,0.0
307,Rosanna,Snookes,501221401,empresa,operador,,rsnookes8i@ucoz.com,0.0
308,Dave,Birth,502854044,empresa,cliente,,dbirth8j@usa.gov,0.0
309,Dehlia,Duthy,504486687,registrado,cliente,,dduthy8k@goo.gl,0.0
310,Laughton,Cassie,506119330,empresa,cliente,,lcassie8l@marriott.com,0.0
311,Lyda,Tabram,507751973,empresa,operador,,ltabram8m@deliciousdays.com,0.0
312,Bobbee,O'Kennavain,509384616,empresa,cliente,,bokennavain8n@livejournal.com,0.0
313,Daryn,Lydster,511017259,padre,cliente,,dlydster8o@comcast.net,0.0
314,Yurik,Priestland,512649902,invitado,operador,,ypriestland8p@canalblog.com,0.0
315,Celisse,Cardow,514282545,invitado,operador,,ccardow8q@domainmarket.com,0.0
316,Gloriane,Pierri,515915188,invitado,operador,,gpierri8r@buzzfeed.com,0.0
317,Teri,Greenier,517547831,empresa,operador,,tgreenier8s@cbslocal.com,0.0
318,Marne,Caldow,519180474,empresa,operador,,mcaldow8t@dropbox.com,0.0
319,Ranice,Robun,520813117,empresa,cliente,,rrobun8u@mit.edu,0.0
320,Darlleen,Baughn,522445760,profesor,cliente,,dbaughn8v@1688.com,0.0
321,Donnie,Foye,524078403,padre,operador,,dfoye8w@prweb.com,0.0
322,Druci,MacCole,525711046,invitado,cliente,,dmaccole8x@blogs.com,0.0
323,Nadya,Dunderdale,527343689,invitado,operador,,ndunderdale8y@princeton.edu,0.0
324,Selinda,McDiarmid,528976332,estudiante,cliente,324000000,smcdiarmid8z@ocn.ne.jp,0.0
325,Dewitt,Boow,530608975,empresa,cliente,,dboow90@pagesperso-orange.fr,0.0
326,Piper,Lapping,532241618,empresa,operador,,plapping91@thetimes.co.uk,0.0
327,Bondie,Adao,533874261,invitado,cliente,,badao92@simplemachines.org,0.0
328,Silvio,Andreacci,535506904,invitado,operador,,sandreacci93@eepurl.com,0.0
329,Danni,Clemitt,537139547,padre,operador,,dclemitt94@mapy.cz,0.0
330,Gay,Kislingbury,538772190,invitado,operador,,gkislingbury95@nba.com,0.0
331,Charil,Leek,540404833,invitado,operador,,cleek96@bloomberg.com,0.0
332,Quillan,Matzke,542037476,empresa,operador,,qmatzke97@si.edu,0.0
333,Rodi,Hennington,543670119,empresa,operador,,rhennington98@google.es,0.0
334,Mariska,Darracott,545302762,invitado,cliente,,mdarracott99@histats.com,0.0
335,Lorelei,Gilliatt,546935405,empresa,cliente,,lgilliatt9a@barnesandnoble.com,0.0
336,Janos,Tongue,548568048,empresa,cliente,,jtongue9b@aboutads.info,0.0
337,Elia,Stearn,550200691,padre,operador,,estearn9c@jugem.jp,0.0
338,Bertine,Klaaassen,551833334,invitado,operador,338000000,bklaaassen9d@aboutads.info,0.0
339,Danny,Gladhill,553465977,empresa,cliente,339000000,dgladhill9e@phpbb.com,0.0
340,Reta,Bubbings,555098620,empresa,operador,,rbubbings9f@google.co.uk,0.0
341,Hi,Scotsbrook,556731263,invitado,cliente,,hscotsbrook9g@wordpress.org,0.0
342,Liam,Wahlberg,558363906,registrado,cliente,,lwahlberg9h@hatena.ne.jp,0.0
343,Lurline,Copley,559996549,empresa,operador,,lcopley9i@chicagotribune.com,0.0
344,Mariquilla,Larmouth,561629192,invitado,cliente,,mlarmouth9j@jugem.jp,0.0
345,Nonna,Sumpter,563261835,invitado,cliente,,nsumpter9k@fema.gov,0.0
346,Janaya,Benninck,564894478,empresa,cliente,346000000,jbenninck9l@g.co,0.0
347,Ariela,Whatling,566527121,invitado,operador,,awhatling9m@reddit.com,0.0
348,Leonidas,Stangroom,568159764,invitado,cliente,348000000,lstangroom9n@yahoo.co.jp,0.0
349,Gayleen,Fries,569792407,empresa,cliente,,gfries9o@livejournal.com,0.0
350,Dietrich,Muehler,571425050,profesor,operador,,dmuehler9p@ezinearticles.com,0.0
351,Nola,Ferrarini,573057693,empresa,cliente,,nferrarini9q@yahoo.com,0.0
352,Gray,Fanthom,574690336,invitado,operador,,gfanthom9r@hibu.com,0.0
353,Shay,Petersen,576322979,invitado,operador,,spetersen9s@imgur.com,0.0
354,Gertie,Golder,577955622,padre,cliente,,ggolder9t@dedecms.com,0.0
355,Yul,Klewi,579588265,empresa,operador,,yklewi9u@jiathis.com,0.0
356,Kelby,Statton,581220908,estudiante,cliente,,kstatton9v@phpbb.com,0.0
357,Lizbeth,Flaubert,582853551,invitado,operador,357000000,lflaubert9w@washingtonpost.com,0.0
358,Waring,Yurov,584486194,empresa,operador,,wyurov9x@foxnews.com,0.0
359,Randi,Males,586118837,padre,cliente,,rmales9y@bloomberg.com,0.0
360,Asia,Baskeyfied,587751480,profesor,cliente,,abaskeyfied9z@google.com.hk,0.0
361,Lorie,Castagne,589384123,invitado,operador,,lcastagnea0@cnet.com,0.0
362,Delcina,Porrett,591016766,invitado,cliente,,dporretta1@netvibes.com,0.0
363,Nina,Gumme,592649409,empresa,operador,,ngummea2@wisc.edu,0.0
364,Wren,Stealey,594282052,profesor,cliente,364000000,wstealeya3@timesonline.co.uk,0.0
365,Karlis,Di Giacomettino,595914695,empresa,cliente,,kdigiacomettinoa4@reverbnation.com,0.0
366,Evangelia,Ivanov,597547338,invitado,cliente,366000000,eivanova5@accuweather.com,0.0
367,Cam,O Mullen,599179981,empresa,cliente,,comullena6@paypal.com,0.0
368,Hal,Battyll,600812624,empresa,operador,,hbattylla7@artisteer.com,0.0
369,Lula,Kirtland,602445267,empresa,operador,,lkirtlanda8@samsung.com,0.0
370,Tab,Kneale,604077910,invitado,operador,,tknealea9@friendfeed.com,0.0
371,Kendricks,Greep,605710553,empresa,cliente,,kgreepaa@woothemes.com,0.0
372,Obadiah,Gabbotts,607343196,empresa,cliente,,ogabbottsab@dmoz.org,0.0
373,Jilly,Weiss,608975839,profesor,cliente,,jweissac@google.cn,0.0
374,Raquel,Tackley,610608482,empresa,operador,,rtackleyad@prlog.org,0.0
375,Koralle,Bruckenthal,612241125,invitado,cliente,,kbruckenthalae@springer.com,0.0
376,Rand,Flower,613873768,invitado,operador,,rfloweraf@addthis.com,0.0
377,Christophorus,Ace,615506411,invitado,cliente,,caceag@seattletimes.com,0.0
378,Moise,Purvis,617139054,empresa,operador,,mpurvisah@flavors.me,0.0
379,Fanchon,Giacomini,618771697,invitado,cliente,379000000,fgiacominiai@dmoz.org,0.0
380,Demetre,Brownjohn,620404340,empleado,operador,,dbrownjohnaj@scribd.com,0.0
381,Daune,Hierro,622036983,empresa,operador,,dhierroak@opera.com,0.0
382,Alic,Stocker,623669626,empresa,cliente,,astockeral@yandex.ru,0.0
383,Nathan,Simla,625302269,empresa,operador,383000000,nsimlaam@istockphoto.com,0.0
384,Gerda,Gartell,626934912,empresa,operador,,ggartellan@chronoengine.com,0.0
385,Illa,Melbury,628567555,padre,cliente,,imelburyao@samsung.com,0.0
386,Barnett,Wedlake,630200198,profesor,cliente,,bwedlakeap@e-recht24.de,0.0
387,Joletta,Acres,631832841,invitado,operador,,jacresaq@com.com,0.0
388,Caren,Shimwell,633465484,padre,operador,,cshimwellar@icq.com,0.0
389,Farlie,Sylvaine,635098127,invitado,cliente,,fsylvaineas@lycos.com,0.0
390,Camille,Beaulieu,636730770,empresa,operador,,cbeaulieuat@rakuten.co.jp,0.0
391,Brinn,De Ortega,638363413,empresa,operador,,bdeortegaau@elpais.com,0.0
392,Si,Sprouls,639996056,padre,cliente,,ssproulsav@chronoengine.com,0.0
393,Zita,Gullivan,641628699,invitado,operador,,zgullivanaw@biblegateway.com,0.0
394,Darrel,Rosenau,643261342,profesor,cliente,,drosenauax@earthlink.net,0.0
395,Alberta,Witherow,644893985,profesor,operador,,awitheroway@economist.com,0.0
396,Humfrey,Giveen,646526628,empresa,operador,,hgiveenaz@harvard.edu,0.0
397,Eydie,Seiler,648159271,empresa,cliente,,eseilerb0@ftc.gov,0.0
398,Billie,Walkling,649791914,profesor,operador,,bwalklingb1@networksolutions.com,0.0
399,Glenine,Cockman,651424557,invitado,operador,,gcockmanb2@dot.gov,0.0
400,Amelita,Hubbart,653057200,empresa,cliente,,ahubbartb3@elegantthemes.com,0.0
401,Dylan,Foulks,654689843,invitado,operador,401000000,dfoulksb4@webnode.com,0.0
402,Leif,Sargant,656322486,empresa,cliente,,lsargantb5@psu.edu,0.0
403,Roberta,Houtby,657955129,empresa,operador,,rhoutbyb6@lycos.com,0.0
404,Benedetta,Canas,659587772,invitado,operador,,bcanasb7@irs.gov,0.0
405,Godfrey,Bilfoot,661220415,empresa,operador,,gbilfootb8@miibeian.gov.cn,0.0
406,Gabi,Langthorne,662853058,invitado,operador,406000000,glangthorneb9@goo.gl,0.0
407,Filmore,Ragsdall,664485701,empresa,cliente,,fragsdallba@vinaora.com,0.0
408,Normand,Moverley,666118344,invitado,cliente,,nmoverleybb@nps.gov,0.0
409,Rolfe,Yakebovitch,667750987,empresa,cliente,,ryakebovitchbc@epa.gov,0.0
410,Ada,Chucks,669383630,padre,operador,,achucksbd@paginegialle.it,0.0
411,Melodie,Biagi,671016273,padre,cliente,,mbiagibe@nytimes.com,0.0
412,Vivianne,Jursch,672648916,invitado,operador,412000000,vjurschbf@google.co.jp,0.0
413,Gertrudis,Trenchard,674281559,empresa,operador,413000000,gtrenchardbg@google.cn,0.0
414,Laura,Branche,675914202,invitado,cliente,,lbranchebh@canalblog.com,0.0
415,Fredric,Binion,677546845,invitado,cliente,,fbinionbi@gravatar.com,0.0
416,Marty,Flukes,679179488,empresa,cliente,,mflukesbj@amazon.de,0.0
417,Evangelina,Pozer,680812131,profesor,cliente,,epozerbk@army.mil,0.0
418,Mozelle,MacCaffrey,682444774,invitado,cliente,418000000,mmaccaffreybl@reddit.com,0.0
419,Matthaeus,Flukes,684077417,empresa,operador,,mflukesbm@nba.com,0.0
420,Antons,Georgius,685710060,empresa,operador,,ageorgiusbn@yellowbook.com,0.0
421,Alessandro,Schreiner,687342703,empresa,operador,,aschreinerbo@biblegateway.com,0.0
422,Rhianna,Newtown,688975346,invitado,cliente,,rnewtownbp@bizjournals.com,0.0
423,Leena,Varley,690607989,empresa,cliente,,lvarleybq@blogs.com,0.0
424,Charlena,Teaser,692240632,padre,cliente,,cteaserbr@cmu.edu,0.0
425,Waneta,Hamlet,693873275,empresa,cliente,,whamletbs@mac.com,0.0
426,Doe,Leppo,695505918,empresa,operador,,dleppobt@harvard.edu,0.0
427,Moina,Lemmertz,697138561,padre,cliente,,mlemmertzbu@nifty.com,0.0
428,Dreddy,Gratrix,698771204,invitado,cliente,,dgratrixbv@dell.com,0.0
429,Merrilee,Sellors,700403847,padre,cliente,,msellorsbw@ycombinator.com,0.0
430,Marlyn,Fossick,702036490,empresa,cliente,,mfossickbx@ucoz.ru,0.0
431,Adolphe,Le Moucheux,703669133,invitado,cliente,,alemoucheuxby@t-online.de,0.0
432,Duane,Harkins,705301776,empresa,cliente,,dharkinsbz@eventbrite.com,0.0
433,Peyter,Goathrop,706934419,empleado,cliente,,pgoathropc0@irs.gov,0.0
434,Erina,Andrassy,708567062,invitado,operador,,eandrassyc1@devhub.com,0.0
435,Gerda,Prestidge,710199705,profesor,cliente,,gprestidgec2@histats.com,0.0
436,Brockie,Spincks,711832348,invitado,operador,436000000,bspincksc3@wikia.com,0.0
437,Mara,Da Costa,713464991,empresa,operador,,mdacostac4@scribd.com,0.0
438,Putnam,Ives,715097634,invitado,cliente,,pivesc5@theguardian.com,0.0
439,Phillida,Petegrew,716730277,empresa,cliente,,ppetegrewc6@sakura.ne.jp,0.0
440,Garnet,Waymont,718362920,invitado,cliente,,gwaymontc7@businessweek.com,0.0
441,Corabella,Puddifer,719995563,empresa,cliente,,cpuddiferc8@youku.com,0.0
442,Christoforo,Ruffli,721628206,padre,cliente,,crufflic9@loc.gov,0.0
443,Blake,Pepis,723260849,empresa,cliente,,bpepisca@issuu.com,0.0
444,Devin,Westmore,724893492,invitado,operador,,dwestmorecb@nps.gov,0.0
445,Sheff,Wandtke,726526135,empresa,operador,,swandtkecc@blogs.com,0.0
446,Evangelina,Spraggon,728158778,empresa,operador,,espraggoncd@ifeng.com,0.0
447,Daron,Bereford,729791421,empresa,operador,,dberefordce@java.com,0.0
448,Huntington,Such,731424064,profesor,cliente,,hsuchcf@nbcnews.com,0.0
449,Meredith,Barnaby,733056707,empresa,cliente,,mbarnabycg@hp.com,0.0
450,Brendan,Ondrusek,734689350,registrado,operador,,bondrusekch@oakley.com,0.0
451,Briny,Gambles,736321993,empresa,operador,,bgamblesci@stanford.edu,0.0
452,Hillary,Knights,737954636,estudiante,cliente,452000000,hknightscj@google.ru,0.0
453,Happy,Cicerone,739587279,empresa,operador,453000000,hciceroneck@soundcloud.com,0.0
454,Lindy,Paddick,741219922,empresa,operador,454000000,lpaddickcl@yahoo.co.jp,0.0
455,Eugenio,Itzcovichch,742852565,estudiante,operador,,eitzcovichchcm@theguardian.com,0.0
456,Marrissa,Oats,744485208,empresa,cliente,,moatscn@e-recht24.de,0.0
457,Therine,Peplow,746117851,invitado,cliente,,tpeplowco@wp.com,0.0
458,Elenore,Bruck,747750494,empresa,operador,,ebruckcp@naver.com,0.0
459,Marian,Forge,749383137,invitado,operador,,mforgecq@uiuc.edu,0.0
460,Sammy,Swanton,751015780,empresa,operador,,sswantoncr@disqus.com,0.0
461,Salome,Fairtlough,752648423,empresa,cliente,461000000,sfairtloughcs@github.io,0.0
462,Iolande,Hanley,754281066,empresa,operador,,ihanleyct@bizjournals.com,0.0
463,Dunstan,Backes,755913709,padre,cliente,,dbackescu@facebook.com,0.0
464,Fern,Baughan,757546352,profesor,cliente,,fbaughancv@delicious.com,0.0
465,Enrico,Reditt,759178995,invitado,operador,,eredittcw@microsoft.com,0.0
466,Audra,Demetr,760811638,padre,cliente,,ademetrcx@twitter.com,0.0
467,Georgiana,Arnely,762444281,empresa,cliente,,garnelycy@linkedin.com,0.0
468,Timmie,Mahy,764076924,empresa,operador,,tmahycz@photobucket.com,0.0
469,Katrine,Wyndham,765709567,invitado,operador,,kwyndhamd0@chicagotribune.com,0.0
470,Anton,Essberger,767342210,empresa,cliente,,aessbergerd1@admin.ch,0.0
471,Joyan,Edlestone,768974853,empresa,operador,,jedlestoned2@seattletimes.com,0.0
472,Karoly,Christoffels,770607496,invitado,cliente,,kchristoffelsd3@furl.net,0.0
473,Grannie,Demeza,772240139,invitado,cliente,,gdemezad4@twitter.com,0.0
474,Brocky,Stonier,773872782,invitado,operador,,bstonierd5@yahoo.co.jp,0.0
475,Evie,Thornebarrow,775505425,profesor,cliente,475000000,ethornebarrowd6@histats.com,0.0
476,Jemmy,Mignot,777138068,padre,operador,,jmignotd7@independent.co.uk,0.0
477,Orelia,Gartside,778770711,empresa,operador,,ogartsided8@independent.co.uk,0.0
478,Vaughan,Hume,780403354,empresa,operador,,vhumed9@guardian.co.uk,0.0
479,Marja,Shepherdson,782035997,empresa,cliente,,mshepherdsonda@hatena.ne.jp,0.0
480,Zachary,Maxwale,783668640,empresa,cliente,,zmaxwaledb@godaddy.com,0.0
481,Fonz,Anstice,785301283,empresa,cliente,,fansticedc@whitehouse.gov,0.0
482,Chicky,Thorneley,786933926,profesor,operador,,cthorneleydd@mapquest.com,0.0
483,Morley,Hapke,788566569,profesor,operador,,mhapkede@yelp.com,0.0
484,Errick,Behneke,790199212,empleado,operador,,ebehnekedf@ezinearticles.com,0.0
485,Bobine,Bener,791831855,invitado,operador,,bbenerdg@devhub.com,0.0
486,Lory,Oret,793464498,invitado,operador,,loretdh@dagondesign.com,0.0
487,Lauri,Allder,795097141,invitado,cliente,,lallderdi@behance.net,0.0
488,Nelia,Corcut,796729784,invitado,operador,,ncorcutdj@free.fr,0.0
489,Carla,Agerskow,798362427,padre,cliente,,cagerskowdk@yahoo.com,0.0
490,Lynnell,Chapple,799995070,padre,operador,,lchappledl@weibo.com,0.0
491,Skyler,Redpath,801627713,empresa,cliente,,sredpathdm@discuz.net,0.0
492,Lucie,Gresham,803260356,empresa,cliente,,lgreshamdn@rambler.ru,0.0
493,Ketti,Bellanger,804892999,empresa,cliente,,kbellangerdo@microsoft.com,0.0
494,Benton,Patten,806525642,empresa,cliente,,bpattendp@altervista.org,0.0
495,Krystyna,Peete,808158285,empresa,operador,,kpeetedq@businesswire.com,0.0
496,Yulma,Gudahy,809790928,invitado,cliente,,ygudahydr@prweb.com,0.0
497,Adrian,Matthews,811423571,empresa,cliente,,amatthewsds@epa.gov,0.0
498,Barris,Allberry,813056214,invitado,cliente,,ballberrydt@youtu.be,0.0
499,Gare,De Hailes,814688857,empresa,cliente,,gdehailesdu@squidoo.com,0.0
500,Carry,Chamberlayne,816321500,empresa,operador,,cchamberlaynedv@dot.gov,0.0
501,Glenn,Balaam,817954143,empresa,cliente,,gbalaamdw@imgur.com,0.0
502,Elwood,Kettleson,819586786,empresa,cliente,,ekettlesondx@adobe.com,0.0
503,Angy,Debling,821219429,invitado,operador,503000000,adeblingdy@smh.com.au,0.0
504,Dannel,Maymond,822852072,empresa,operador,,dmaymonddz@quantcast.com,0.0
505,Joaquin,Brownhill,824484715,empresa,cliente,,jbrownhille0@discovery.com,0.0
506,Leese,Beauman,826117358,padre,cliente,,lbeaumane1@addthis.com,0.0
507,Kory,Dearn,827750001,empresa,operador,,kdearne2@sogou.com,0.0
508,Sibylle,Benettolo,829382644,empresa,cliente,,sbenettoloe3@whitehouse.gov,0.0
509,Annie,Gowrie,831015287,profesor,cliente,,agowriee4@wix.com,0.0
510,Eden,Feavearyear,832647930,padre,cliente,,efeavearyeare5@issuu.com,0.0
511,Pierrette,Endersby,834280573,profesor,operador,,pendersbye6@nsw.gov.au,0.0
512,Demetre,Lowater,835913216,empresa,operador,,dlowatere7@4shared.com,0.0
513,Tarra,Rosson,837545859,padre,operador,513000000,trossone8@photobucket.com,0.0
514,Bobina,Cettell,839178502,empresa,cliente,,bcettelle9@toplist.cz,0.0
515,Jeannette,Pariss,840811145,profesor,operador,,jparissea@acquirethisname.com,0.0
516,Ansell,Robertz,842443788,empresa,operador,,arobertzeb@desdev.cn,0.0
517,Stephannie,Coolbear,844076431,invitado,operador,517000000,scoolbearec@surveymonkey.com,0.0
518,Alasteir,Tillot,845709074,padre,operador,,atilloted@vkontakte.ru,0.0
519,Ricoriki,Profit,847341717,empresa,cliente,,rprofitee@theglobeandmail.com,0.0
520,Haleigh,Stealfox,848974360,empresa,operador,,hstealfoxef@theatlantic.com,0.0
521,Lenore,Stoak,850607003,empresa,operador,,lstoakeg@microsoft.com,0.0
522,Dorie,McClaurie,852239646,profesor,operador,,dmcclaurieeh@amazonaws.com,0.0
523,Coletta,Fairley,853872289,empresa,cliente,,cfairleyei@pen.io,0.0
524,Nathanil,Smee,855504932,empresa,operador,,nsmeeej@weebly.com,0.0
525,Kata,Tome,857137575,empresa,operador,,ktomeek@census.gov,0.0
526,Corny,Avrahamoff,858770218,empresa,cliente,,cavrahamoffel@rediff.com,0.0
527,Rene,Hoodspeth,860402861,invitado,cliente,,rhoodspethem@samsung.com,0.0
528,Merwin,Broadbent,862035504,empresa,cliente,,mbroadbenten@domainmarket.com,0.0
529,Earlie,Rostron,863668147,invitado,operador,,erostroneo@shareasale.com,0.0
530,Jefferey,Randleson,865300790,empresa,cliente,,jrandlesonep@myspace.com,0.0
531,Sylvia,Hammelberg,866933433,empresa,operador,,shammelbergeq@vimeo.com,0.0
532,Cori,Dulton,868566076,empresa,operador,,cdultoner@networksolutions.com,0.0
533,Ferne,Feye,870198719,empresa,cliente,,ffeyees@webeden.co.uk,0.0
534,Dru,Larham,871831362,profesor,operador,,dlarhamet@google.com.au,0.0
535,Simone,Ipsley,873464005,profesor,operador,,sipsleyeu@dot.gov,0.0
536,Hestia,Arnald,875096648,empresa,operador,,harnaldev@jugem.jp,0.0
537,Celestyna,Dorricott,876729291,empresa,cliente,,cdorricottew@narod.ru,0.0
538,Gunar,Martini,878361934,registrado,cliente,,gmartiniex@histats.com,0.0
539,Jorey,Meddings,879994577,invitado,operador,,jmeddingsey@t-online.de,0.0
540,Demott,Triebner,881627220,registrado,operador,,dtriebnerez@about.com,0.0
541,Joann,Halloran,883259863,padre,operador,,jhalloranf0@blogger.com,0.0
542,Donica,Rammell,884892506,empresa,operador,,drammellf1@ebay.com,0.0
543,Suzanne,Mourant,886525149,estudiante,operador,,smourantf2@gizmodo.com,0.0
544,Abagail,Bleddon,888157792,invitado,cliente,,ableddonf3@chron.com,0.0
545,Sigismundo,Sealy,889790435,registrado,cliente,,ssealyf4@shinystat.com,0.0
546,Skipper,Lewty,891423078,registrado,operador,,slewtyf5@columbia.edu,0.0
547,Kass,Dorrance,893055721,empresa,operador,,kdorrancef6@simplemachines.org,0.0
548,Normie,Brooke,894688364,empresa,cliente,,nbrookef7@imageshack.us,0.0
549,Allx,Bottoner,896321007,empresa,operador,,abottonerf8@deviantart.com,0.0
550,Jenny,Silman,897953650,empresa,cliente,,jsilmanf9@creativecommons.org,0.0
551,Bryant,Rase,899586293,invitado,cliente,,brasefa@economist.com,0.0
552,Nariko,Babbs,901218936,invitado,operador,,nbabbsfb@nbcnews.com,0.0
553,Rawley,Farge,902851579,padre,cliente,,rfargefc@mayoclinic.com,0.0
554,Kerrie,Cammomile,904484222,invitado,operador,,kcammomilefd@wikimedia.org,0.0
555,Wilona,Greenstead,906116865,padre,operador,,wgreensteadfe@bigcartel.com,0.0
556,Gretna,Shankle,907749508,registrado,cliente,,gshankleff@latimes.com,0.0
557,Glennie,McAloren,909382151,empresa,operador,,gmcalorenfg@godaddy.com,0.0
558,Natala,Wilkowski,911014794,invitado,operador,,nwilkowskifh@goodreads.com,0.0
559,Lynette,Corpes,912647437,padre,operador,,lcorpesfi@dedecms.com,0.0
560,Dael,Choppen,914280080,empresa,cliente,,dchoppenfj@sakura.ne.jp,0.0
561,Sheba,Baynham,915912723,empresa,operador,,sbaynhamfk@fastcompany.com,0.0
562,Nicholas,Vila,917545366,profesor,operador,,nvilafl@tmall.com,0.0
563,Ardelle,Greenan,919178009,empresa,cliente,,agreenanfm@nationalgeographic.com,0.0
564,Berkeley,Winfred,920810652,invitado,cliente,,bwinfredfn@technorati.com,0.0
565,Rickey,Berzons,922443295,profesor,operador,,rberzonsfo@naver.com,0.0
566,Ellsworth,Gammel,924075938,empresa,cliente,,egammelfp@cnn.com,0.0
567,Karlotta,Dunstan,925708581,empresa,operador,,kdunstanfq@google.ca,0.0
568,Dore,Denford,927341224,invitado,operador,,ddenfordfr@washington.edu,0.0
569,Jud,Nelle,928973867,empresa,cliente,,jnellefs@msu.edu,0.0
570,Devi,Staite,930606510,empresa,cliente,570000000,dstaiteft@geocities.jp,0.0
571,Anastassia,Pellingar,932239153,empresa,operador,,apellingarfu@devhub.com,0.0
572,Leicester,Frankling,933871796,empresa,operador,,lfranklingfv@addthis.com,0.0
573,Cesya,Pashba,935504439,empresa,cliente,,cpashbafw@earthlink.net,0.0
574,Maurise,Bussy,937137082,empresa,operador,,mbussyfx@cloudflare.com,0.0
575,Tiphany,Sidwell,938769725,empresa,operador,,tsidwellfy@time.com,0.0
576,Jaquelin,Benoix,940402368,invitado,operador,,jbenoixfz@adobe.com,0.0
577,Kore,Novacek,942035011,empresa,cliente,577000000,knovacekg0@google.com.br,0.0
578,Mason,Forryan,943667654,padre,operador,,mforryang1@xinhuanet.com,0.0
579,Mei,McCraw,945300297,empresa,cliente,579000000,mmccrawg2@issuu.com,0.0
580,Hyacinthia,Dallicott,946932940,empresa,operador,,hdallicottg3@wired.com,0.0
581,Brandi,Lucien,948565583,empresa,operador,,blucieng4@ebay.com,0.0
582,Veronica,Bettanay,950198226,empresa,operador,,vbettanayg5@whitehouse.gov,0.0
583,Hatty,Larwood,951830869,invitado,cliente,,hlarwoodg6@google.fr,0.0
584,Kamillah,O'Daly,953463512,empresa,operador,,kodalyg7@cbslocal.com,0.0
585,Antoni,Jeff,955096155,empresa,operador,,ajeffg8@unc.edu,0.0
586,Blanche,Stoven,956728798,empresa,cliente,,bstoveng9@marriott.com,0.0
587,Thorpe,Melsome,958361441,invitado,cliente,,tmelsomega@buzzfeed.com,0.0
588,Shadow,Hurton,959994084,invitado,operador,,shurtongb@msn.com,0.0
589,Klarika,Jahnig,961626727,empresa,operador,,kjahniggc@bbc.co.uk,0.0
590,Kacie,Robbert,963259370,invitado,cliente,,krobbertgd@icio.us,0.0
591,Jenine,Andreou,964892013,padre,cliente,,jandreouge@prnewswire.com,0.0
592,Therese,Ragsdall,966524656,empresa,operador,592000000,tragsdallgf@wikipedia.org,0.0
593,Jaime,Peskin,968157299,invitado,cliente,,jpeskingg@exblog.jp,0.0
594,Willis,Ferrand,969789942,invitado,cliente,,wferrandgh@paypal.com,0.0
595,Lorrie,Brammar,971422585,padre,operador,,lbrammargi@jugem.jp,0.0
596,Demetrius,Benedyktowicz,973055228,empresa,cliente,,dbenedyktowiczgj@japanpost.jp,0.0
597,Tabbie,Turfitt,974687871,padre,cliente,,tturfittgk@shinystat.com,0.0
598,Celeste,Hillett,976320514,invitado,operador,,chillettgl@usatoday.com,0.0
599,Mayne,Hanvey,977953157,empresa,operador,599000000,mhanveygm@over-blog.com,0.0
600,Arie,Berkowitz,979585800,empresa,cliente,600000000,aberkowitzgn@taobao.com,0.0
601,Ardelle,Sealeaf,981218443,invitado,cliente,,asealeafgo@alexa.com,0.0
602,Jan,Goodered,982851086,profesor,cliente,,jgooderedgp@ehow.com,0.0
603,Winifield,Swaden,984483729,empresa,cliente,,wswadengq@illinois.edu,0.0
604,Lorne,Wickwar,986116372,invitado,cliente,,lwickwargr@msn.com,0.0
605,Anthony,Barabisch,987749015,empresa,operador,,abarabischgs@marketwatch.com,0.0
606,Yorker,Simonds,989381658,invitado,operador,,ysimondsgt@squarespace.com,0.0
607,Gardner,Sheara,991014301,empleado,cliente,,gshearagu@amazon.de,0.0
608,Angela,Lukehurst,992646944,invitado,operador,,alukehurstgv@statcounter.com,0.0
609,Aurea,Wedderburn,994279587,empresa,operador,,awedderburngw@java.com,0.0
610,Florence,Roset,995912230,estudiante,cliente,,frosetgx@example.com,0.0
611,Ashien,Yanshin,997544873,invitado,operador,,ayanshingy@bing.com,0.0
612,Damara,Sjollema,999177516,empresa,cliente,,dsjollemagz@elpais.com,0.0
613,Janey,Ely,1000810159,empresa,operador,,jelyh0@yale.edu,0.0
614,Marji,Dobrovolny,1002442802,empresa,operador,614000000,mdobrovolnyh1@w3.org,0.0
615,Sarita,Sterke,1004075445,empresa,cliente,,ssterkeh2@ucoz.com,0.0
616,Basile,Colebrook,1005708088,empresa,cliente,,bcolebrookh3@symantec.com,0.0
617,Zandra,Moyle,1007340731,invitado,operador,,zmoyleh4@unesco.org,0.0
618,Lyn,Romayne,1008973374,empresa,operador,,lromayneh5@360.cn,0.0
619,Katrinka,Matteotti,1010606017,invitado,cliente,,kmatteottih6@slashdot.org,0.0
620,Tait,Sanford,1012238660,empresa,operador,,tsanfordh7@hud.gov,0.0
621,Ingrid,Allright,1013871303,invitado,cliente,,iallrighth8@nbcnews.com,0.0
622,Gabbie,Gordon,1015503946,empresa,cliente,,ggordonh9@icq.com,0.0
623,Curcio,Lowndes,1017136589,invitado,cliente,,clowndesha@wufoo.com,0.0
624,Karlis,Beany,1018769232,empresa,cliente,,kbeanyhb@psu.edu,0.0
625,Flss,Cheverell,1020401875,empresa,cliente,,fcheverellhc@shop-pro.jp,0.0
626,Keelby,Keyhoe,1022034518,empresa,cliente,,kkeyhoehd@prlog.org,0.0
627,Katey,Davidek,1023667161,invitado,cliente,,kdavidekhe@princeton.edu,0.0
628,Sheffie,MacGhee,1025299804,empresa,operador,,smacgheehf@odnoklassniki.ru,0.0
629,Marsh,Phaup,1026932447,invitado,cliente,,mphauphg@homestead.com,0.0
630,Georges,Rowsell,1028565090,empresa,operador,,growsellhh@icq.com,0.0
631,Deane,MacMenamin,1030197733,padre,operador,,dmacmenaminhi@boston.com,0.0
632,Reta,Hessay,1031830376,padre,operador,,rhessayhj@zdnet.com,0.0
633,Carleton,Heugle,1033463019,invitado,cliente,,cheuglehk@businessweek.com,0.0
634,Chrysler,Edds,1035095662,empresa,cliente,,ceddshl@csmonitor.com,0.0
635,Minda,McTerlagh,1036728305,padre,operador,,mmcterlaghhm@marketwatch.com,0.0
636,Shirlene,Lodden,1038360948,empresa,operador,,sloddenhn@oracle.com,0.0
637,Violette,Halmkin,1039993591,empresa,operador,,vhalmkinho@i2i.jp,0.0
638,Lynelle,Dobney,1041626234,empresa,operador,,ldobneyhp@weebly.com,0.0
639,Amy,Shakesby,1043258877,invitado,operador,,ashakesbyhq@tiny.cc,0.0
640,Vin,Furness,1044891520,empresa,operador,,vfurnesshr@squarespace.com,0.0
641,Melitta,Guise,1046524163,empresa,cliente,,mguisehs@europa.eu,0.0
642,Almira,Risborough,1048156806,empresa,cliente,,arisboroughht@usa.gov,0.0
643,Jarvis,Westmacott,1049789449,empresa,operador,,jwestmacotthu@blogs.com,0.0
644,Ellene,Brymner,1051422092,empresa,cliente,,ebrymnerhv@wikimedia.org,0.0
645,Patrizio,Isbell,1053054735,padre,cliente,,pisbellhw@slashdot.org,0.0
646,Georgetta,Rubery,1054687378,padre,operador,,gruberyhx@nba.com,0.0
647,Estrella,Hacon,1056320021,empresa,operador,,ehaconhy@nyu.edu,0.0
648,Kane,Wintour,1057952664,empresa,operador,,kwintourhz@homestead.com,0.0
649,Daphna,Hafner,1059585307,padre,cliente,,dhafneri0@liveinternet.ru,0.0
650,Marigold,Garber,1061217950,profesor,cliente,650000000,mgarberi1@spotify.com,0.0
651,Paige,Infantino,1062850593,padre,cliente,,pinfantinoi2@nasa.gov,0.0
652,Delly,Tingley,1064483236,invitado,cliente,,dtingleyi3@woothemes.com,0.0
653,Pascale,Lidgely,1066115879,empresa,cliente,,plidgelyi4@latimes.com,0.0
654,Filia,Bunton,1067748522,empresa,cliente,,fbuntoni5@cyberchimps.com,0.0
655,Alene,Claire,1069381165,empresa,operador,,aclairei6@accuweather.com,0.0
656,Thomasine,Worsom,1071013808,empresa,operador,,tworsomi7@pagesperso-orange.fr,0.0
657,Estrellita,Figures,1072646451,padre,operador,,efiguresi8@bloglovin.com,0.0
658,Gianni,Menicomb,1074279094,empresa,cliente,,gmenicombi9@livejournal.com,0.0
659,Jedediah,Groundwater,1075911737,invitado,cliente,,jgroundwateria@alibaba.com,0.0
660,Aggi,Lavigne,1077544380,invitado,cliente,,alavigneib@china.com.cn,0.0
661,Lanette,Tucker,1079177023,empresa,cliente,,ltuckeric@exblog.jp,0.0
662,Kelcy,Melbourn,1080809666,empresa,operador,,kmelbournid@sogou.com,0.0
663,Sharyl,Witz,1082442309,empresa,cliente,,switzie@naver.com,0.0
664,Will,Philipeau,1084074952,empresa,cliente,,wphilipeauif@merriam-webster.com,0.0
665,Mariann,Jelks,1085707595,empresa,operador,,mjelksig@imgur.com,0.0
666,Amery,Volkes,1087340238,empresa,operador,,avolkesih@kickstarter.com,0.0
667,Deni,Swin,1088972881,invitado,operador,667000000,dswinii@bbb.org,0.0
668,Denis,Walkden,1090605524,empresa,cliente,668000000,dwalkdenij@histats.com,0.0
669,Jule,Hailey,1092238167,empresa,cliente,,jhaileyik@wix.com,0.0
670,Rickey,Lardeux,1093870810,empresa,cliente,,rlardeuxil@4shared.com,0.0
671,Mina,Jonas,1095503453,empresa,cliente,,mjonasim@cnbc.com,0.0
672,Hannie,Beartup,1097136096,empresa,operador,,hbeartupin@gov.uk,0.0
673,Irina,Naerup,1098768739,empresa,operador,,inaerupio@histats.com,0.0
674,Aguistin,McLae,1100401382,padre,cliente,,amclaeip@google.ru,0.0
675,Hugibert,Cantrell,1102034025,padre,operador,,hcantrelliq@hhs.gov,0.0
676,Cal,Willingam,1103666668,invitado,operador,,cwillingamir@telegraph.co.uk,0.0
677,Chaim,Jodlowski,1105299311,invitado,operador,677000000,cjodlowskiis@ucoz.com,0.0
678,Susannah,McMaster,1106931954,empresa,cliente,678000000,smcmasterit@goo.gl,0.0
679,Caria,Judson,1108564597,empresa,cliente,,cjudsoniu@meetup.com,0.0
680,Tomaso,Robke,1110197240,invitado,operador,,trobkeiv@vk.com,0.0
681,Peggi,Deegan,1111829883,empresa,cliente,,pdeeganiw@mail.ru,0.0
682,Adria,Trever,1113462526,padre,operador,,atreverix@army.mil,0.0
683,Allison,Cancellor,1115095169,invitado,operador,,acancelloriy@marketwatch.com,0.0
684,Wainwright,Lister,1116727812,invitado,cliente,,wlisteriz@cornell.edu,0.0
685,Ronna,Grisewood,1118360455,invitado,operador,,rgrisewoodj0@plala.or.jp,0.0
686,Alexandros,Rayhill,1119993098,invitado,cliente,,arayhillj1@bing.com,0.0
687,Helsa,Cupper,1121625741,empresa,operador,,hcupperj2@wp.com,0.0
688,Miguel,Enderle,1123258384,profesor,operador,,menderlej3@kickstarter.com,0.0
689,Bren,Kerton,1124891027,invitado,operador,,bkertonj4@tamu.edu,0.0
690,Fayette,Middell,1126523670,padre,cliente,,fmiddellj5@themeforest.net,0.0
691,Yolande,Hazeldean,1128156313,invitado,operador,,yhazeldeanj6@buzzfeed.com,0.0
692,Laina,Neathway,1129788956,empresa,cliente,,lneathwayj7@whitehouse.gov,0.0
693,Britte,Johnke,1131421599,empresa,operador,,bjohnkej8@ihg.com,0.0
694,Geno,Albert,1133054242,padre,operador,,galbertj9@digg.com,0.0
695,Iggy,Palfreman,1134686885,empresa,operador,,ipalfremanja@photobucket.com,0.0
696,Pace,Lelliott,1136319528,profesor,cliente,,plelliottjb@4shared.com,0.0
697,Orlando,Carwithim,1137952171,invitado,operador,,ocarwithimjc@canalblog.com,0.0
698,Fonsie,Diggin,1139584814,empresa,cliente,,fdigginjd@php.net,0.0
699,Goober,Garnul,1141217457,invitado,operador,,ggarnulje@ow.ly,0.0
700,Baily,Fattore,1142850100,profesor,cliente,,bfattorejf@sun.com,0.0
701,Cassaundra,Walkling,1144482743,invitado,cliente,,cwalklingjg@vk.com,0.0
702,Wynne,Haughin,1146115386,empresa,cliente,,whaughinjh@youku.com,0.0
703,Frederique,Micco,1147748029,empresa,operador,,fmiccoji@histats.com,0.0
704,Rosalinda,Christall,1149380672,empresa,operador,,rchristalljj@nps.gov,0.0
705,Dix,Baffin,1151013315,registrado,cliente,,dbaffinjk@mozilla.com,0.0
706,Marina,Iredale,1152645958,invitado,cliente,,miredalejl@canalblog.com,0.0
707,Diane-marie,Slocket,1154278601,empresa,operador,,dslocketjm@icio.us,0.0
708,Freemon,Dilgarno,1155911244,empresa,cliente,,fdilgarnojn@pagesperso-orange.fr,0.0
709,Freda,Capstack,1157543887,empresa,cliente,,fcapstackjo@addthis.com,0.0
710,Lacey,Shawdforth,1159176530,padre,cliente,710000000,lshawdforthjp@psu.edu,0.0
711,Gregorio,Wakes,1160809173,empresa,operador,711000000,gwakesjq@mac.com,0.0
712,Ambrose,Standrin,1162441816,empresa,cliente,,astandrinjr@tmall.com,0.0
713,Gerladina,McCreery,1164074459,invitado,cliente,,gmccreeryjs@usgs.gov,0.0
714,Anet,Greenslade,1165707102,invitado,cliente,,agreensladejt@tinyurl.com,0.0
715,Annadiana,Woolgar,1167339745,invitado,cliente,,awoolgarju@plala.or.jp,0.0
716,Caldwell,Clara,1168972388,empresa,cliente,,cclarajv@live.com,0.0
717,Tedra,Scain,1170605031,invitado,operador,,tscainjw@indiatimes.com,0.0
718,Conchita,MacAnelley,1172237674,empresa,operador,,cmacanelleyjx@weebly.com,0.0
719,Wyndham,Okell,1173870317,estudiante,operador,,wokelljy@taobao.com,0.0
720,Rori,Lawlie,1175502960,invitado,cliente,,rlawliejz@hexun.com,0.0
721,Rania,Pickrell,1177135603,invitado,operador,,rpickrellk0@sun.com,0.0
722,Jennine,Bolstridge,1178768246,invitado,operador,,jbolstridgek1@sphinn.com,0.0
723,Kahaleel,Soda,1180400889,empresa,operador,,ksodak2@friendfeed.com,0.0
724,Dylan,Kivelle,1182033532,invitado,operador,,dkivellek3@addthis.com,0.0
725,Elie,Millward,1183666175,empresa,operador,725000000,emillwardk4@zdnet.com,0.0
726,Korry,Laite,1185298818,estudiante,operador,,klaitek5@jugem.jp,0.0
727,Maye,Levicount,1186931461,invitado,cliente,,mlevicountk6@dagondesign.com,0.0
728,Phylys,Osgorby,1188564104,profesor,cliente,,posgorbyk7@google.pl,0.0
729,Loren,Kemmet,1190196747,padre,cliente,,lkemmetk8@wiley.com,0.0
730,Charita,Maple,1191829390,invitado,operador,,cmaplek9@issuu.com,0.0
731,Nevile,Rawne,1193462033,empleado,operador,,nrawneka@vkontakte.ru,0.0
732,Berenice,Willsmore,1195094676,invitado,cliente,,bwillsmorekb@ameblo.jp,0.0
733,Regine,Pestridge,1196727319,empresa,operador,,rpestridgekc@amazon.co.uk,0.0
734,Vidovic,Couldwell,1198359962,profesor,operador,,vcouldwellkd@ucoz.ru,0.0
735,Malvin,Staterfield,1199992605,empresa,cliente,,mstaterfieldke@rakuten.co.jp,0.0
736,Borg,Supple,1201625248,empresa,cliente,,bsupplekf@wp.com,0.0
737,Griz,Gameson,1203257891,empresa,operador,,ggamesonkg@list-manage.com,0.0
738,Leupold,Phelipeaux,1204890534,padre,cliente,,lphelipeauxkh@zdnet.com,0.0
739,Tammie,Lenton,1206523177,empresa,cliente,,tlentonki@pinterest.com,0.0
740,Anthiathia,Lamkin,1208155820,empresa,operador,,alamkinkj@wiley.com,0.0
741,Cassie,Korn,1209788463,padre,cliente,,ckornkk@wordpress.com,0.0
742,Anthea,Forsdicke,1211421106,invitado,cliente,,aforsdickekl@dagondesign.com,0.0
743,Dame,Jira,1213053749,invitado,operador,,djirakm@macromedia.com,0.0
744,Benn,Florey,1214686392,empresa,operador,,bfloreykn@themeforest.net,0.0
745,Joshia,Kellock,1216319035,empresa,operador,,jkellockko@histats.com,0.0
746,Emory,Fulker,1217951678,empresa,operador,,efulkerkp@ihg.com,0.0
747,Jacquenette,Bodd,1219584321,padre,operador,,jboddkq@hibu.com,0.0
748,Saraann,Dryden,1221216964,invitado,cliente,,sdrydenkr@google.it,0.0
749,Melva,Davidovich,1222849607,invitado,operador,749000000,mdavidovichks@360.cn,0.0
750,Shurwood,Caldeyroux,1224482250,invitado,operador,,scaldeyrouxkt@qq.com,0.0
751,Moria,Greyes,1226114893,padre,cliente,,mgreyesku@princeton.edu,0.0
752,Logan,Van Niekerk,1227747536,empresa,operador,,lvanniekerkkv@toplist.cz,0.0
753,Latrena,Huglin,1229380179,empresa,operador,,lhuglinkw@unicef.org,0.0
754,Nixie,Peachment,1231012822,empleado,operador,,npeachmentkx@uol.com.br,0.0
755,Marylou,Dominick,1232645465,invitado,cliente,,mdominickky@arizona.edu,0.0
756,Laural,Chadwin,1234278108,invitado,operador,,lchadwinkz@g.co,0.0
757,Retha,Grinikhinov,1235910751,invitado,cliente,757000000,rgrinikhinovl0@xinhuanet.com,0.0
758,Benetta,Menzies,1237543394,invitado,operador,,bmenziesl1@washingtonpost.com,0.0
759,Hadley,Truelock,1239176037,empresa,operador,,htruelockl2@mtv.com,0.0
760,Bran,Eglington,1240808680,empresa,cliente,,beglingtonl3@uiuc.edu,0.0
761,Chancey,Earngy,1242441323,empresa,operador,,cearngyl4@cbsnews.com,0.0
762,Goldi,Burton,1244073966,invitado,cliente,,gburtonl5@ebay.co.uk,0.0
763,Ferdinande,Battson,1245706609,padre,cliente,,fbattsonl6@paypal.com,0.0
764,Glori,Fromant,1247339252,empresa,operador,,gfromantl7@altervista.org,0.0
765,Marcellus,Palffrey,1248971895,invitado,operador,,mpalffreyl8@artisteer.com,0.0
766,Glen,Ebden,1250604538,padre,operador,,gebdenl9@goodreads.com,0.0
767,Candi,Castana,1252237181,empresa,cliente,767000000,ccastanala@thetimes.co.uk,0.0
768,Arlie,Earles,1253869824,empresa,operador,,aearleslb@tuttocitta.it,0.0
769,Tessi,Rubenchik,1255502467,profesor,cliente,769000000,trubenchiklc@gizmodo.com,0.0
770,Iggie,Coventry,1257135110,empresa,cliente,,icoventryld@nps.gov,0.0
771,Glenna,Sigfrid,1258767753,padre,cliente,,gsigfridle@lycos.com,0.0
772,Miles,Spear,1260400396,empresa,operador,,mspearlf@uiuc.edu,0.0
773,Wilow,O'Hickee,1262033039,padre,cliente,,wohickeelg@microsoft.com,0.0
774,Onofredo,Dalloway,1263665682,invitado,cliente,,odallowaylh@newsvine.com,0.0
775,Kristin,Kingescot,1265298325,invitado,cliente,,kkingescotli@alibaba.com,0.0
776,Anjela,Semble,1266930968,empresa,cliente,,asemblelj@adobe.com,0.0
777,Jessika,Wimes,1268563611,empleado,cliente,777000000,jwimeslk@indiatimes.com,0.0
778,Mar,Sally,1270196254,invitado,operador,,msallyll@webmd.com,0.0
779,Opaline,Hardy,1271828897,empresa,operador,,ohardylm@cisco.com,0.0
780,Jacky,Arkin,1273461540,empleado,cliente,,jarkinln@dailymail.co.uk,0.0
781,Jermaine,Carloni,1275094183,profesor,operador,,jcarlonilo@google.co.jp,0.0
782,Anselma,MacAindreis,1276726826,padre,operador,782000000,amacaindreislp@hostgator.com,0.0
783,Butch,Emblin,1278359469,invitado,cliente,,bemblinlq@live.com,0.0
784,Tybi,Medwell,1279992112,empleado,cliente,,tmedwelllr@state.gov,0.0
785,Alasteir,Kettlewell,1281624755,padre,operador,785000000,akettlewellls@myspace.com,0.0
786,Kennie,Drew,1283257398,invitado,cliente,786000000,kdrewlt@1und1.de,0.0
787,Raychel,Dashkov,1284890041,empresa,cliente,,rdashkovlu@pcworld.com,0.0
788,Hyman,Ludlam,1286522684,invitado,operador,,hludlamlv@cpanel.net,0.0
789,Norina,Comiam,1288155327,invitado,cliente,,ncomiamlw@weather.com,0.0
790,Nichole,Swinnard,1289787970,invitado,cliente,,nswinnardlx@liveinternet.ru,0.0
791,Norri,Derr,1291420613,profesor,cliente,,nderrly@noaa.gov,0.0
792,Silas,Janosevic,1293053256,empresa,operador,,sjanoseviclz@imageshack.us,0.0
793,Eliot,Sharrocks,1294685899,invitado,operador,,esharrocksm0@meetup.com,0.0
794,Quincy,Streader,1296318542,profesor,cliente,,qstreaderm1@topsy.com,0.0
795,Devlen,Rorke,1297951185,invitado,cliente,,drorkem2@msn.com,0.0
796,Aguie,Cleef,1299583828,empresa,operador,,acleefm3@devhub.com,0.0
797,Friedrick,Salmen,1301216471,invitado,cliente,,fsalmenm4@163.com,0.0
798,Jody,Lutwidge,1302849114,empresa,operador,,jlutwidgem5@blogger.com,0.0
799,Kylynn,Astlatt,1304481757,empresa,cliente,,kastlattm6@canalblog.com,0.0
800,Pryce,Baverstock,1306114400,profesor,cliente,,pbaverstockm7@ebay.com,0.0
801,Bab,Orbell,1307747043,invitado,cliente,,borbellm8@squarespace.com,0.0
802,Quinn,Sidry,1309379686,empresa,operador,,qsidrym9@blogtalkradio.com,0.0
803,Garrett,O'Hingerty,1311012329,padre,operador,,gohingertyma@rakuten.co.jp,0.0
804,Alexandro,Lovart,1312644972,profesor,operador,,alovartmb@java.com,0.0
805,Kenn,Cawsy,1314277615,invitado,cliente,,kcawsymc@xrea.com,0.0
806,Keelby,Harmant,1315910258,empresa,operador,,kharmantmd@homestead.com,0.0
807,Margarete,Deverale,1317542901,invitado,cliente,807000000,mdeveraleme@cbslocal.com,0.0
808,Hedwiga,Elgood,1319175544,empresa,cliente,,helgoodmf@imageshack.us,0.0
809,Meghann,Brazener,1320808187,empresa,cliente,,mbrazenermg@prnewswire.com,0.0
810,Claudie,Flemming,1322440830,empresa,cliente,,cflemmingmh@trellian.com,0.0
811,Erie,Simmons,1324073473,invitado,operador,811000000,esimmonsmi@unicef.org,0.0
812,Debora,Franklen,1325706116,invitado,cliente,,dfranklenmj@bravesites.com,0.0
813,Joni,Simanek,1327338759,empresa,cliente,,jsimanekmk@ycombinator.com,0.0
814,Kariotta,Beards,1328971402,invitado,operador,,kbeardsml@aboutads.info,0.0
815,Sholom,Blance,1330604045,invitado,cliente,,sblancemm@dedecms.com,0.0
816,Maure,Grishakov,1332236688,invitado,operador,,mgrishakovmn@earthlink.net,0.0
817,Alfonso,Hambly,1333869331,empresa,cliente,,ahamblymo@fc2.com,0.0
818,Nicolle,Huttley,1335501974,padre,operador,,nhuttleymp@google.pl,0.0
819,Prescott,Arnold,1337134617,padre,cliente,819000000,parnoldmq@wufoo.com,0.0
820,Tiphani,Hannabus,1338767260,padre,cliente,,thannabusmr@home.pl,0.0
821,Colver,Twigg,1340399903,padre,cliente,,ctwiggms@craigslist.org,0.0
822,Irina,Crace,1342032546,invitado,cliente,,icracemt@techcrunch.com,0.0
823,Rodolph,Petley,1343665189,empresa,cliente,,rpetleymu@surveymonkey.com,0.0
824,Bethany,Trevance,1345297832,empresa,cliente,,btrevancemv@infoseek.co.jp,0.0
825,Tommie,Wetter,1346930475,empresa,cliente,,twettermw@devhub.com,0.0
826,Link,Pavlovsky,1348563118,invitado,operador,,lpavlovskymx@goodreads.com,0.0
827,Floris,Naul,1350195761,padre,operador,,fnaulmy@merriam-webster.com,0.0
828,Quintin,Pyzer,1351828404,empresa,operador,,qpyzermz@surveymonkey.com,0.0
829,Riki,Conachy,1353461047,empresa,cliente,,rconachyn0@shutterfly.com,0.0
830,Doti,Hosby,1355093690,padre,operador,,dhosbyn1@thetimes.co.uk,0.0
831,Chaddie,Fenge,1356726333,padre,cliente,,cfengen2@soup.io,0.0
832,Danella,Waadenburg,1358358976,empresa,operador,,dwaadenburgn3@mashable.com,0.0
833,Deni,Wenman,1359991619,padre,operador,,dwenmann4@huffingtonpost.com,0.0
834,Marta,Stud,1361624262,invitado,cliente,,mstudn5@fotki.com,0.0
835,Ignacio,Riseborough,1363256905,invitado,operador,,iriseboroughn6@yale.edu,0.0
836,Goran,Piletic,1364889548,empresa,cliente,,gpileticn7@4shared.com,0.0
837,Sasha,Yes,1366522191,empresa,operador,,syesn8@wikia.com,0.0
838,Chico,Janaway,1368154834,invitado,cliente,,cjanawayn9@qq.com,0.0
839,Loria,Gossage,1369787477,profesor,cliente,,lgossagena@latimes.com,0.0
840,Lesly,Trahmel,1371420120,empresa,cliente,,ltrahmelnb@is.gd,0.0
841,Waverly,McCrackan,1373052763,padre,operador,,wmccrackannc@last.fm,0.0
842,Elke,Sizzey,1374685406,invitado,cliente,,esizzeynd@jigsy.com,0.0
843,Eirena,Mullarkey,1376318049,invitado,operador,,emullarkeyne@dot.gov,0.0
844,Car,Wozencraft,1377950692,empresa,cliente,,cwozencraftnf@mac.com,0.0
845,Cecilia,Ezzy,1379583335,padre,operador,,cezzyng@naver.com,0.0
846,Brennen,Ughelli,1381215978,empresa,operador,,bughellinh@discuz.net,0.0
847,Garland,Phelipeaux,1382848621,empresa,operador,847000000,gphelipeauxni@techcrunch.com,0.0
848,Josephine,Paolacci,1384481264,empresa,cliente,,jpaolaccinj@ehow.com,0.0
849,Salaidh,Troni,1386113907,empresa,operador,,stronink@lycos.com,0.0
850,Orelie,Pencott,1387746550,profesor,operador,,opencottnl@homestead.com,0.0
851,Bette-ann,Pilley,1389379193,empresa,cliente,,bpilleynm@altervista.org,0.0
852,Fredericka,Abrahamian,1391011836,invitado,operador,852000000,fabrahamiannn@home.pl,0.0
853,Mabel,Paulack,1392644479,invitado,operador,,mpaulackno@independent.co.uk,0.0
854,Chrissy,Vann,1394277122,padre,operador,,cvannnp@cnn.com,0.0
855,Devi,Fitton,1395909765,profesor,operador,,dfittonnq@unblog.fr,0.0
856,Dee,Hebborn,1397542408,empresa,cliente,,dhebbornnr@constantcontact.com,0.0
857,Shawn,Vallack,1399175051,padre,operador,,svallackns@tumblr.com,0.0
858,Russell,Searjeant,1400807694,invitado,operador,,rsearjeantnt@redcross.org,0.0
859,Sidney,Lugard,1402440337,profesor,operador,,slugardnu@webeden.co.uk,0.0
860,Kahlil,Fiddy,1404072980,empleado,operador,,kfiddynv@go.com,0.0
861,Mickie,Clipson,1405705623,empresa,cliente,,mclipsonnw@symantec.com,0.0
862,Josey,McLeary,1407338266,invitado,cliente,,jmclearynx@gravatar.com,0.0
863,Shaylyn,Littrell,1408970909,empresa,operador,,slittrellny@desdev.cn,0.0
864,Clerissa,Christer,1410603552,empresa,cliente,864000000,cchristernz@eventbrite.com,0.0
865,Querida,Garwood,1412236195,empresa,operador,,qgarwoodo0@wisc.edu,0.0
866,Loren,Gason,1413868838,empresa,operador,,lgasono1@bbc.co.uk,0.0
867,Ashla,Jurick,1415501481,empresa,operador,,ajuricko2@hibu.com,0.0
868,Hyman,Plumridege,1417134124,empresa,operador,,hplumridegeo3@whitehouse.gov,0.0
869,Elliot,Calvard,1418766767,empresa,operador,,ecalvardo4@symantec.com,0.0
870,Reinwald,Filliskirk,1420399410,invitado,cliente,,rfilliskirko5@marriott.com,0.0
871,Ardine,Stirman,1422032053,empresa,operador,,astirmano6@123-reg.co.uk,0.0
872,Tyson,Alexander,1423664696,profesor,operador,,talexandero7@domainmarket.com,0.0
873,Yankee,Eva,1425297339,invitado,cliente,,yevao8@delicious.com,0.0
874,Asia,Fenkel,1426929982,invitado,operador,,afenkelo9@artisteer.com,0.0
875,Lark,Doldon,1428562625,invitado,operador,,ldoldonoa@flickr.com,0.0
876,Moina,Derobert,1430195268,empresa,cliente,,mderobertob@pbs.org,0.0
877,Wilma,Karppi,1431827911,registrado,operador,,wkarppioc@salon.com,0.0
878,Eugene,Thickins,1433460554,profesor,operador,,ethickinsod@xrea.com,0.0
879,Maritsa,Collingridge,1435093197,empresa,cliente,,mcollingridgeoe@cyberchimps.com,0.0
880,Miguelita,Ropking,1436725840,empresa,operador,,mropkingof@addtoany.com,0.0
881,Audrye,Samet,1438358483,empresa,cliente,,asametog@slashdot.org,0.0
882,Oliviero,Salle,1439991126,empresa,operador,,osalleoh@cbsnews.com,0.0
883,Linnea,Maling,1441623769,empresa,cliente,,lmalingoi@fc2.com,0.0
884,Katy,Carslaw,1443256412,invitado,operador,,kcarslawoj@yolasite.com,0.0
885,Minor,Simek,1444889055,invitado,cliente,,msimekok@yale.edu,0.0
886,Quinlan,Denekamp,1446521698,invitado,cliente,886000000,qdenekampol@accuweather.com,0.0
887,Lita,Shory,1448154341,invitado,cliente,,lshoryom@pen.io,0.0
888,Francisco,Lishman,1449786984,empleado,cliente,,flishmanon@amazon.co.uk,0.0
889,Barth,Newart,1451419627,empresa,cliente,,bnewartoo@msu.edu,0.0
890,Zola,Balderson,1453052270,empresa,cliente,,zbaldersonop@webeden.co.uk,0.0
891,Keefe,Leeson,1454684913,empresa,operador,,kleesonoq@amazon.de,0.0
892,Analiese,Billingsley,1456317556,registrado,cliente,892000000,abillingsleyor@army.mil,0.0
893,Jilleen,Rookeby,1457950199,invitado,operador,,jrookebyos@dot.gov,0.0
894,Ravid,Dunabie,1459582842,empresa,cliente,,rdunabieot@biblegateway.com,0.0
895,Cullan,Paylie,1461215485,empresa,cliente,,cpaylieou@sourceforge.net,0.0
896,Nappy,Dmiterko,1462848128,empresa,cliente,,ndmiterkoov@cdbaby.com,0.0
897,Shannan,Waine,1464480771,empresa,operador,,swaineow@parallels.com,0.0
898,York,Scuse,1466113414,invitado,cliente,,yscuseox@cornell.edu,0.0
899,Gillian,Mapes,1467746057,empresa,operador,,gmapesoy@auda.org.au,0.0
900,Laureen,Duchant,1469378700,padre,operador,,lduchantoz@alibaba.com,0.0
901,Derrek,Woodyear,1471011343,invitado,operador,,dwoodyearp0@oakley.com,0.0
902,Demetri,Lammerts,1472643986,empresa,cliente,,dlammertsp1@vkontakte.ru,0.0
903,Hasheem,Joe,1474276629,empresa,operador,,hjoep2@acquirethisname.com,0.0
904,Shepherd,Boniface,1475909272,empresa,operador,,sbonifacep3@blogspot.com,0.0
905,Emma,Roggieri,1477541915,invitado,cliente,,eroggierip4@dailymail.co.uk,0.0
906,Rhodie,O'Carmody,1479174558,invitado,cliente,,rocarmodyp5@yelp.com,0.0
907,Wallis,Dunlap,1480807201,empleado,operador,,wdunlapp6@xrea.com,0.0
908,Austin,Fulle,1482439844,empresa,operador,,afullep7@xrea.com,0.0
909,Beniamino,Okell,1484072487,empresa,operador,,bokellp8@bbc.co.uk,0.0
910,Dana,Sunners,1485705130,empresa,operador,910000000,dsunnersp9@miitbeian.gov.cn,0.0
911,Elinor,Spadollini,1487337773,empresa,operador,,espadollinipa@toplist.cz,0.0
912,Frankie,Kemitt,1488970416,empresa,cliente,,fkemittpb@lycos.com,0.0
913,Beatrix,MacBean,1490603059,empleado,operador,,bmacbeanpc@nhs.uk,0.0
914,Doll,Abramowitz,1492235702,invitado,cliente,,dabramowitzpd@shareasale.com,0.0
915,Kimmy,Sahlstrom,1493868345,empresa,operador,,ksahlstrompe@purevolume.com,0.0
916,Clarey,Riddick,1495500988,padre,cliente,,criddickpf@google.pl,0.0
917,Benedick,Mantrip,1497133631,empresa,cliente,917000000,bmantrippg@fastcompany.com,0.0
918,Anatola,Rankmore,1498766274,empresa,operador,,arankmoreph@nydailynews.com,0.0
919,Sallyanne,Heifer,1500398917,padre,operador,919000000,sheiferpi@state.tx.us,0.0
920,Ingeborg,Barham,1502031560,invitado,operador,920000000,ibarhampj@over-blog.com,0.0
921,Carena,Ballentime,1503664203,empresa,cliente,,cballentimepk@ft.com,0.0
922,Con,Ege,1505296846,invitado,cliente,,cegepl@ameblo.jp,0.0
923,Brandie,Surman-Wells,1506929489,empresa,cliente,,bsurmanwellspm@nba.com,0.0
924,Orsa,Fanti,1508562132,padre,operador,924000000,ofantipn@icq.com,0.0
925,Winnie,Bettinson,1510194775,invitado,operador,,wbettinsonpo@cloudflare.com,0.0
926,Berthe,Dufoure,1511827418,empresa,cliente,,bdufourepp@ning.com,0.0
927,Matthieu,Reder,1513460061,empresa,operador,,mrederpq@sogou.com,0.0
928,Emiline,Peracco,1515092704,empresa,operador,,eperaccopr@techcrunch.com,0.0
929,Tobias,Whitesel,1516725347,empresa,cliente,,twhiteselps@blogs.com,0.0
930,Sumner,Sparling,1518357990,profesor,cliente,,ssparlingpt@is.gd,0.0
931,Basile,Delwater,1519990633,invitado,operador,,bdelwaterpu@multiply.com,0.0
932,Allyson,Rainsden,1521623276,estudiante,cliente,,arainsdenpv@tmall.com,0.0
933,Chris,Tumpane,1523255919,padre,cliente,,ctumpanepw@hp.com,0.0
934,Essy,Wolford,1524888562,invitado,cliente,934000000,ewolfordpx@exblog.jp,0.0
935,Cati,Vasyunkin,1526521205,empresa,operador,,cvasyunkinpy@paginegialle.it,0.0
936,Jacques,Corzon,1528153848,empresa,operador,,jcorzonpz@statcounter.com,0.0
937,Hank,Girkin,1529786491,empresa,cliente,,hgirkinq0@ning.com,0.0
938,Velma,Methuen,1531419134,padre,operador,,vmethuenq1@last.fm,0.0
939,Thelma,Sinclaire,1533051777,empresa,operador,,tsinclaireq2@washington.edu,0.0
940,Weston,Jannasch,1534684420,invitado,operador,,wjannaschq3@patch.com,0.0
941,Baxter,Rivallant,1536317063,profesor,cliente,,brivallantq4@woothemes.com,0.0
942,Banky,Venning,1537949706,invitado,operador,,bvenningq5@parallels.com,0.0
943,Katee,Penman,1539582349,empresa,operador,,kpenmanq6@nifty.com,0.0
944,Mercy,Allard,1541214992,profesor,cliente,,mallardq7@google.com.au,0.0
945,Hobart,Derby,1542847635,profesor,operador,,hderbyq8@elpais.com,0.0
946,Cordelie,Vedeshkin,1544480278,invitado,operador,,cvedeshkinq9@goo.ne.jp,0.0
947,Raynor,Sheards,1546112921,invitado,cliente,,rsheardsqa@dropbox.com,0.0
948,Libbey,Georgelin,1547745564,empresa,operador,,lgeorgelinqb@ifeng.com,0.0
949,Shana,Lambal,1549378207,invitado,operador,,slambalqc@webmd.com,0.0
950,Hugo,Skoggings,1551010850,invitado,cliente,,hskoggingsqd@so-net.ne.jp,0.0
951,Bjorn,Tuhy,1552643493,padre,operador,951000000,btuhyqe@digg.com,0.0
952,Robinia,Walentynowicz,1554276136,empresa,operador,,rwalentynowiczqf@eventbrite.com,0.0
953,Albert,Emmot,1555908779,empresa,cliente,,aemmotqg@jugem.jp,0.0
954,Norris,Sachno,1557541422,profesor,cliente,,nsachnoqh@ed.gov,0.0
955,Aundrea,Donnan,1559174065,invitado,cliente,,adonnanqi@surveymonkey.com,0.0
956,Basilius,Lamb-shine,1560806708,invitado,operador,,blambshineqj@mac.com,0.0
957,Claudianus,MacGillreich,1562439351,padre,cliente,,cmacgillreichqk@buzzfeed.com,0.0
958,Ben,Boreham,1564071994,padre,cliente,,bborehamql@youku.com,0.0
959,Hansiain,Thow,1565704637,empresa,cliente,,hthowqm@ft.com,0.0
960,Benita,Ravens,1567337280,invitado,cliente,,bravensqn@cnet.com,0.0
961,Del,Crilly,1568969923,invitado,cliente,,dcrillyqo@youtu.be,0.0
962,Dorian,Edmand,1570602566,empresa,cliente,,dedmandqp@senate.gov,0.0
963,Rolf,Deners,1572235209,empresa,cliente,,rdenersqq@alibaba.com,0.0
964,Chadd,Satch,1573867852,profesor,operador,,csatchqr@cisco.com,0.0
965,Mohandis,Wrightson,1575500495,empresa,operador,,mwrightsonqs@blogs.com,0.0
966,Karna,Laviste,1577133138,empresa,operador,,klavisteqt@wunderground.com,0.0
967,Brad,Denisovo,1578765781,empresa,cliente,,bdenisovoqu@vistaprint.com,0.0
968,Gonzalo,Kerford,1580398424,invitado,operador,,gkerfordqv@ox.ac.uk,0.0
969,Towney,Tregust,1582031067,empresa,cliente,,ttregustqw@virginia.edu,0.0
970,Deva,Nequest,1583663710,empresa,operador,,dnequestqx@topsy.com,0.0
971,Tabbitha,Napier,1585296353,padre,cliente,,tnapierqy@domainmarket.com,0.0
972,Ward,Mabbott,1586928996,empresa,operador,,wmabbottqz@multiply.com,0.0
973,Josey,Startin,1588561639,profesor,cliente,,jstartinr0@wunderground.com,0.0
974,Velma,Gribbins,1590194282,padre,operador,,vgribbinsr1@posterous.com,0.0
975,Savina,Di Roberto,1591826925,empresa,operador,,sdirobertor2@sourceforge.net,0.0
976,Hurlee,Guiet,1593459568,invitado,operador,976000000,hguietr3@google.ru,0.0
977,Abbey,Rawsthorne,1595092211,invitado,cliente,,arawsthorner4@businesswire.com,0.0
978,Michele,Grandin,1596724854,empresa,operador,,mgrandinr5@mac.com,0.0
979,Carlye,Behan,1598357497,profesor,cliente,,cbehanr6@fda.gov,0.0
980,Carroll,Slaght,1599990140,invitado,operador,,cslaghtr7@t-online.de,0.0
981,Jessie,Surgeoner,1601622783,empresa,cliente,,jsurgeonerr8@scientificamerican.com,0.0
982,Salem,Shubotham,1603255426,empresa,cliente,,sshubothamr9@vk.com,0.0
983,Emelen,Weekley,1604888069,empresa,cliente,,eweekleyra@cnn.com,0.0
984,Valentine,Dreng,1606520712,empresa,operador,,vdrengrb@delicious.com,0.0
985,Zacharia,Ketchaside,1608153355,empresa,operador,,zketchasiderc@yandex.ru,0.0
986,Free,MacDearmont,1609785998,invitado,operador,,fmacdearmontrd@instagram.com,0.0
987,Sena,Sullens,1611418641,profesor,operador,,ssullensre@paginegialle.it,0.0
988,Hyatt,Milson,1613051284,profesor,operador,,hmilsonrf@163.com,0.0
989,Boote,Janczewski,1614683927,empresa,cliente,989000000,bjanczewskirg@instagram.com,0.0
990,Lucia,Goranov,1616316570,profesor,operador,,lgoranovrh@netlog.com,0.0
991,Jaymee,Braben,1617949213,profesor,operador,,jbrabenri@pen.io,0.0
992,Jodie,Curedell,1619581856,empresa,cliente,,jcuredellrj@cyberchimps.com,0.0
993,Derrek,Suarez,1621214499,empresa,cliente,,dsuarezrk@cbslocal.com,0.0
994,Jared,Cribbott,1622847142,empresa,cliente,,jcribbottrl@nasa.gov,0.0
995,Trevar,Lunny,1624479785,empresa,cliente,,tlunnyrm@netlog.com,0.0
996,Frans,Romera,1626112428,profesor,operador,,fromerarn@go.com,0.0
997,Aloin,Giffen,1627745071,empresa,operador,,agiffenro@google.es,0.0
998,Mireielle,Eastmond,1629377714,padre,operador,,meastmondrp@techcrunch.com,0.0
999,Averil,Cousen,1631010357,profesor,cliente,,acousenrq@google.com.br,0.0
1000,Trace,Atkinson,1632643000,empresa,operador,,tatkinsonrr@mtv.com,0.0
