ID,NUMERO_HABITACIONES,MENAJE,UBICACION,CAPACIDAD_MAXIMA
1,3,"Aliquam sit amet diam in magna bibendum imperdiet. Nullam orci pede, venenatis non, sodales sed, tincidunt eu, felis.",32 Reindahl Point,1
2,3,"Vivamus metus arcu, adipiscing molestie, hendrerit at, vulputate vitae, nisl.",478 Di Loreto Parkway,1
3,4,Maecenas ut massa quis augue luctus tincidunt. Nulla mollis molestie lorem.,16719 Briar Crest Place,3
4,3,Ut at dolor quis odio consequat varius. Integer ac leo.,348 Claremont Plaza,1
5,4,Vivamus tortor. Duis mattis egestas metus.,9555 Porter Park,2
6,3,Nulla ac enim.,5771 Forest Plaza,1
7,4,Vestibulum ac est lacinia nisi venenatis tristique.,6 Clove Way,4
8,1,Vivamus tortor.,75 Donald Trail,3
9,4,Curabitur convallis. Duis consequat dui nec nisi volutpat eleifend.,49 Iowa Way,4
10,4,Nullam varius. Nulla facilisi.,7369 Shoshone Alley,4
11,1,Vivamus vel nulla eget eros elementum pellentesque. Quisque porta volutpat erat.,22 Fordem Court,4
12,2,Suspendisse ornare consequat lectus.,1946 Parkside Pass,4
13,4,Pellentesque eget nunc.,5313 Delladonna Parkway,2
14,4,Donec posuere metus vitae ipsum.,680 Vahlen Way,3
15,4,"Nam congue, risus semper porta volutpat, quam pede lobortis ligula, sit amet eleifend pede libero quis orci.",3 Delaware Plaza,1
16,3,Mauris sit amet eros.,48261 Londonderry Crossing,4
17,3,"Nam congue, risus semper porta volutpat, quam pede lobortis ligula, sit amet eleifend pede libero quis orci. Nullam molestie nibh in lectus.",0883 Namekagon Place,2
18,3,Donec semper sapien a libero.,68 Corry Point,3
19,2,"Morbi ut odio. Cras mi pede, malesuada in, imperdiet et, commodo vulputate, justo.",9 Namekagon Terrace,1
20,1,"Quisque erat eros, viverra eget, congue eget, semper rutrum, nulla.",39 Macpherson Center,3
21,1,Duis consequat dui nec nisi volutpat eleifend. Donec ut dolor.,9 Heath Hill,3
22,3,Nulla mollis molestie lorem. Quisque ut erat.,0521 American Park,4
23,1,Duis bibendum. Morbi non quam nec dui luctus rutrum.,6 Jana Road,1
24,5,"Morbi vestibulum, velit id pretium iaculis, diam erat fermentum justo, nec condimentum neque sapien placerat ante. Nulla justo.",7 Beilfuss Alley,4
25,4,Suspendisse potenti. Nullam porttitor lacus at turpis.,960 Union Crossing,3
26,2,Aenean lectus. Pellentesque eget nunc.,26 Maple Way,1
27,2,"Nam dui. Proin leo odio, porttitor id, consequat in, consequat ut, nulla.",4 Meadow Ridge Place,1
28,2,Curabitur at ipsum ac tellus semper interdum.,8 Warner Center,2
29,2,"Nam congue, risus semper porta volutpat, quam pede lobortis ligula, sit amet eleifend pede libero quis orci. Nullam molestie nibh in lectus.",79986 Farragut Lane,3
30,3,Fusce consequat.,0900 Vidon Hill,2
31,3,"Vestibulum ante ipsum primis in faucibus orci luctus et ultrices posuere cubilia Curae; Nulla dapibus dolor vel est. Donec odio justo, sollicitudin ut, suscipit a, feugiat et, eros.",834 Bartillon Park,2
32,2,Aenean auctor gravida sem. Praesent id massa id nisl venenatis lacinia.,0 Utah Parkway,4
33,1,"Quisque erat eros, viverra eget, congue eget, semper rutrum, nulla. Nunc purus.",9044 Ilene Circle,2
34,1,Proin eu mi. Nulla ac enim.,51 Truax Way,1
35,5,Vivamus vel nulla eget eros elementum pellentesque. Quisque porta volutpat erat.,5156 Laurel Junction,3
36,4,"Mauris ullamcorper purus sit amet nulla. Quisque arcu libero, rutrum ac, lobortis vel, dapibus at, diam.",0 Drewry Street,4
37,3,"Vestibulum ac est lacinia nisi venenatis tristique. Fusce congue, diam id ornare imperdiet, sapien urna pretium nisl, ut volutpat sapien arcu sed augue.",6378 Delaware Crossing,2
38,5,Maecenas tincidunt lacus at velit. Vivamus vel nulla eget eros elementum pellentesque.,75 Novick Point,3
39,5,Aenean auctor gravida sem. Praesent id massa id nisl venenatis lacinia.,9 Homewood Center,3
40,3,Phasellus sit amet erat.,55795 Pearson Road,4
41,1,Nullam sit amet turpis elementum ligula vehicula consequat. Morbi a ipsum.,06357 Lillian Drive,4
42,4,Fusce consequat.,15563 Springs Point,2
43,5,Suspendisse potenti. Cras in purus eu magna vulputate luctus.,4768 Aberg Plaza,3
44,1,Aliquam quis turpis eget elit sodales scelerisque. Mauris sit amet eros.,3 Stone Corner Road,2
45,4,Nulla ut erat id mauris vulputate elementum. Nullam varius.,9 West Trail,4
46,5,"Nulla neque libero, convallis eget, eleifend luctus, ultricies eu, nibh.",41 Petterle Terrace,4
47,4,"Fusce lacus purus, aliquet at, feugiat non, pretium quis, lectus. Suspendisse potenti.",959 Ludington Pass,1
48,1,"Nullam orci pede, venenatis non, sodales sed, tincidunt eu, felis.",17 Butterfield Trail,4
49,5,Morbi vel lectus in quam fringilla rhoncus.,61 Bobwhite Plaza,2
50,5,Duis ac nibh.,21 Trailsway Plaza,4
51,2,Duis ac nibh.,64 Anhalt Point,1
52,5,"Vestibulum quam sapien, varius ut, blandit non, interdum in, ante. Vestibulum ante ipsum primis in faucibus orci luctus et ultrices posuere cubilia Curae; Duis faucibus accumsan odio.",9268 Westerfield Circle,1
53,1,Phasellus sit amet erat.,6 Crescent Oaks Center,2
54,2,Vestibulum rutrum rutrum neque.,44 Ruskin Way,2
55,4,"Nam ultrices, libero non mattis pulvinar, nulla pede ullamcorper augue, a suscipit nulla elit ac nulla.",83 Mcbride Pass,3
56,2,"Integer non velit. Donec diam neque, vestibulum eget, vulputate ut, ultrices vel, augue.",05 Blaine Pass,2
57,3,Etiam justo. Etiam pretium iaculis justo.,37632 Kennedy Place,3
58,3,In eleifend quam a odio.,7 Sunbrook Hill,1
59,1,"Integer pede justo, lacinia eget, tincidunt eget, tempus vel, pede.",4065 Mitchell Place,1
60,4,"Integer aliquet, massa id lobortis convallis, tortor risus dapibus augue, vel accumsan tellus nisi eu orci. Mauris lacinia sapien quis libero.",014 Eastwood Terrace,2
61,3,Duis at velit eu est congue elementum. In hac habitasse platea dictumst.,58067 Sunnyside Court,2
62,2,Maecenas tincidunt lacus at velit.,54 Lindbergh Pass,3
63,2,Nullam varius.,0213 Arapahoe Crossing,1
64,1,Praesent id massa id nisl venenatis lacinia. Aenean sit amet justo.,167 Schlimgen Trail,4
65,1,Praesent blandit lacinia erat.,34374 Talisman Terrace,3
66,5,"Integer non velit. Donec diam neque, vestibulum eget, vulputate ut, ultrices vel, augue.",7745 Messerschmidt Trail,1
67,4,"Nullam orci pede, venenatis non, sodales sed, tincidunt eu, felis.",950 Pleasure Court,4
68,4,"Vestibulum ac est lacinia nisi venenatis tristique. Fusce congue, diam id ornare imperdiet, sapien urna pretium nisl, ut volutpat sapien arcu sed augue.",20 Lindbergh Crossing,1
69,1,Suspendisse potenti. Nullam porttitor lacus at turpis.,072 Swallow Terrace,3
70,5,Vivamus tortor. Duis mattis egestas metus.,4233 Mayfield Drive,1
71,5,Integer ac leo. Pellentesque ultrices mattis odio.,1458 Nelson Hill,4
72,4,Maecenas pulvinar lobortis est.,40 Grayhawk Plaza,1
73,4,Aenean auctor gravida sem. Praesent id massa id nisl venenatis lacinia.,87852 Stone Corner Street,4
74,5,Nulla nisl. Nunc nisl.,5634 Leroy Drive,4
75,2,Curabitur convallis.,9 Waywood Lane,4
76,5,In sagittis dui vel nisl. Duis ac nibh.,9008 Eagan Hill,4
77,4,Aliquam erat volutpat.,37 Burning Wood Place,2
78,5,Aenean lectus.,97657 Lien Center,3
79,2,Vestibulum ac est lacinia nisi venenatis tristique.,73 Annamark Lane,1
80,4,Nulla ac enim.,0 Sage Alley,2
81,4,"Vestibulum quam sapien, varius ut, blandit non, interdum in, ante.",8742 Sauthoff Plaza,2
82,2,Proin eu mi. Nulla ac enim.,3589 Dapin Avenue,4
83,3,Vivamus in felis eu sapien cursus vestibulum.,753 Northport Center,3
84,3,"Nullam orci pede, venenatis non, sodales sed, tincidunt eu, felis. Fusce posuere felis sed lacus.",32894 Homewood Junction,1
85,4,"Aliquam augue quam, sollicitudin vitae, consectetuer eget, rutrum at, lorem.",24153 Jenna Trail,4
86,5,"Morbi vel lectus in quam fringilla rhoncus. Mauris enim leo, rhoncus sed, vestibulum sit amet, cursus id, turpis.",556 Welch Center,1
87,2,"Lorem ipsum dolor sit amet, consectetuer adipiscing elit.",419 Bluestem Pass,4
88,1,"Lorem ipsum dolor sit amet, consectetuer adipiscing elit.",667 Melby Junction,2
89,1,Fusce consequat. Nulla nisl.,0 Bayside Circle,3
90,2,Curabitur gravida nisi at nibh.,2 Dahle Alley,1
91,3,"Phasellus id sapien in sapien iaculis congue. Vivamus metus arcu, adipiscing molestie, hendrerit at, vulputate vitae, nisl.",8 Morning Park,3
92,1,"Cras pellentesque volutpat dui. Maecenas tristique, est et tempus semper, est quam pharetra magna, ac consequat metus sapien ut nunc.",71 Eggendart Crossing,2
93,5,"Morbi odio odio, elementum eu, interdum eu, tincidunt in, leo.",788 Morningstar Court,4
94,3,Vestibulum sed magna at nunc commodo placerat. Praesent blandit.,262 Autumn Leaf Place,1
95,5,Nulla tempus.,1555 Steensland Place,1
96,4,Nullam varius.,7088 Buena Vista Pass,3
97,4,Nulla mollis molestie lorem.,5 Stang Avenue,4
98,5,Pellentesque eget nunc. Donec quis orci eget orci vehicula condimentum.,797 Brown Way,3
99,1,Nullam sit amet turpis elementum ligula vehicula consequat. Morbi a ipsum.,41 Hintze Hill,1
100,5,"Quisque arcu libero, rutrum ac, lobortis vel, dapibus at, diam. Nam tristique tortor eu pede.",39558 Blue Bill Park Center,2
101,1,"Mauris enim leo, rhoncus sed, vestibulum sit amet, cursus id, turpis.",9 Texas Point,3
102,2,Aliquam quis turpis eget elit sodales scelerisque. Mauris sit amet eros.,22 Moose Pass,1
103,1,Donec ut dolor. Morbi vel lectus in quam fringilla rhoncus.,80919 Ryan Alley,4
104,3,Integer non velit.,6968 Aberg Drive,1
105,3,Suspendisse potenti.,90829 Burning Wood Road,1
106,2,"Nulla ac enim. In tempor, turpis nec euismod scelerisque, quam turpis adipiscing lorem, vitae mattis nibh ligula nec sem.",81 Vermont Court,1
107,4,Pellentesque ultrices mattis odio. Donec vitae nisi.,1024 Oxford Crossing,2
108,5,Vivamus tortor. Duis mattis egestas metus.,5580 Browning Point,1
109,2,Nulla tempus.,66 Red Cloud Avenue,1
110,1,Duis at velit eu est congue elementum. In hac habitasse platea dictumst.,189 Ridge Oak Parkway,1
111,5,Donec semper sapien a libero. Nam dui.,5 Trailsway Parkway,4
112,3,Integer ac neque.,3560 Chive Way,4
113,3,Donec vitae nisi.,5352 Sullivan Lane,2
114,3,Integer tincidunt ante vel ipsum. Praesent blandit lacinia erat.,75 Northwestern Park,1
115,1,Etiam justo.,45600 Sundown Alley,4
116,4,Aenean lectus.,330 Ludington Pass,4
117,1,"Cum sociis natoque penatibus et magnis dis parturient montes, nascetur ridiculus mus.",64079 Jana Road,2
118,4,In eleifend quam a odio.,7810 Oriole Way,3
119,5,Pellentesque ultrices mattis odio.,56522 South Plaza,2
120,1,Nulla suscipit ligula in lacus.,7531 Northland Junction,1
121,1,Proin eu mi.,677 Nelson Plaza,2
122,2,Morbi a ipsum.,29 Pearson Hill,3
123,5,In eleifend quam a odio. In hac habitasse platea dictumst.,2 Main Place,2
124,5,Mauris ullamcorper purus sit amet nulla.,7 Esch Avenue,1
125,2,Ut tellus. Nulla ut erat id mauris vulputate elementum.,73831 Clemons Place,2
126,2,Donec posuere metus vitae ipsum. Aliquam non mauris.,812 Badeau Junction,2
127,5,In hac habitasse platea dictumst. Maecenas ut massa quis augue luctus tincidunt.,644 Charing Cross Drive,4
128,4,"In hac habitasse platea dictumst. Morbi vestibulum, velit id pretium iaculis, diam erat fermentum justo, nec condimentum neque sapien placerat ante.",259 Lighthouse Bay Hill,3
129,5,Suspendisse ornare consequat lectus.,4629 Green Ridge Parkway,4
130,1,Pellentesque at nulla. Suspendisse potenti.,648 Old Shore Plaza,2
131,3,"Integer aliquet, massa id lobortis convallis, tortor risus dapibus augue, vel accumsan tellus nisi eu orci.",6427 Corben Avenue,4
132,3,Proin interdum mauris non ligula pellentesque ultrices. Phasellus id sapien in sapien iaculis congue.,5884 Jana Parkway,2
133,5,Proin at turpis a pede posuere nonummy.,368 Oriole Court,4
134,4,"Mauris enim leo, rhoncus sed, vestibulum sit amet, cursus id, turpis.",8 New Castle Alley,1
135,3,Pellentesque ultrices mattis odio.,915 Brown Lane,1
136,1,Praesent id massa id nisl venenatis lacinia.,46 Grasskamp Park,4
137,5,Nunc rhoncus dui vel sem.,5 New Castle Park,1
138,2,Morbi non quam nec dui luctus rutrum. Nulla tellus.,023 Redwing Crossing,3
139,2,Pellentesque at nulla. Suspendisse potenti.,37 Roxbury Lane,2
140,1,"Nam nulla. Integer pede justo, lacinia eget, tincidunt eget, tempus vel, pede.",8290 Lakeland Way,1
141,5,Integer tincidunt ante vel ipsum. Praesent blandit lacinia erat.,42 Parkside Trail,3
142,3,Aenean sit amet justo.,0 Hayes Junction,2
143,5,Etiam justo. Etiam pretium iaculis justo.,67774 Welch Circle,4
144,4,Vestibulum ante ipsum primis in faucibus orci luctus et ultrices posuere cubilia Curae; Nulla dapibus dolor vel est.,260 Rutledge Plaza,4
145,1,Praesent blandit.,6386 Forest Dale Terrace,1
146,5,"Morbi vel lectus in quam fringilla rhoncus. Mauris enim leo, rhoncus sed, vestibulum sit amet, cursus id, turpis.",4581 Hallows Point,2
147,5,Maecenas ut massa quis augue luctus tincidunt. Nulla mollis molestie lorem.,280 Johnson Pass,2
148,3,In eleifend quam a odio.,1453 Pleasure Road,1
149,2,Morbi a ipsum.,2743 Farwell Lane,1
150,5,Praesent blandit lacinia erat. Vestibulum sed magna at nunc commodo placerat.,903 Ridge Oak Plaza,2
151,5,"Integer aliquet, massa id lobortis convallis, tortor risus dapibus augue, vel accumsan tellus nisi eu orci. Mauris lacinia sapien quis libero.",49 Grasskamp Pass,2
152,4,"Mauris ullamcorper purus sit amet nulla. Quisque arcu libero, rutrum ac, lobortis vel, dapibus at, diam.",68 Muir Plaza,4
153,3,Nullam varius. Nulla facilisi.,9328 American Parkway,3
154,4,"Cum sociis natoque penatibus et magnis dis parturient montes, nascetur ridiculus mus. Vivamus vestibulum sagittis sapien.",13336 Hayes Terrace,1
155,1,"Fusce congue, diam id ornare imperdiet, sapien urna pretium nisl, ut volutpat sapien arcu sed augue.",20433 Tony Place,2
156,5,Donec quis orci eget orci vehicula condimentum. Curabitur in libero ut massa volutpat convallis.,9 Acker Center,3
157,1,Nunc purus.,29 Kenwood Park,2
158,2,Vestibulum ante ipsum primis in faucibus orci luctus et ultrices posuere cubilia Curae; Mauris viverra diam vitae quam.,12 Maple Wood Lane,3
159,1,Proin risus.,6993 Ridgeview Parkway,4
160,5,Ut at dolor quis odio consequat varius.,5396 Meadow Vale Avenue,1
161,5,In quis justo. Maecenas rhoncus aliquam lacus.,5172 Thackeray Junction,2
162,2,Aliquam sit amet diam in magna bibendum imperdiet.,71 Graedel Plaza,1
163,5,"In tempor, turpis nec euismod scelerisque, quam turpis adipiscing lorem, vitae mattis nibh ligula nec sem. Duis aliquam convallis nunc.",335 Dwight Parkway,3
164,4,"Vestibulum ante ipsum primis in faucibus orci luctus et ultrices posuere cubilia Curae; Donec pharetra, magna vestibulum aliquet ultrices, erat tortor sollicitudin mi, sit amet lobortis sapien sapien non mi.",10124 Forest Hill,3
165,3,"Fusce congue, diam id ornare imperdiet, sapien urna pretium nisl, ut volutpat sapien arcu sed augue. Aliquam erat volutpat.",66755 Memorial Court,2
166,3,In congue. Etiam justo.,28516 La Follette Avenue,4
167,5,Morbi non quam nec dui luctus rutrum. Nulla tellus.,4 Mendota Park,1
168,3,Curabitur gravida nisi at nibh.,052 Warbler Way,2
169,5,"Nam congue, risus semper porta volutpat, quam pede lobortis ligula, sit amet eleifend pede libero quis orci. Nullam molestie nibh in lectus.",364 Continental Circle,2
170,4,Vestibulum ante ipsum primis in faucibus orci luctus et ultrices posuere cubilia Curae; Mauris viverra diam vitae quam. Suspendisse potenti.,45 Charing Cross Parkway,2
171,1,"Vestibulum quam sapien, varius ut, blandit non, interdum in, ante. Vestibulum ante ipsum primis in faucibus orci luctus et ultrices posuere cubilia Curae; Duis faucibus accumsan odio.",9676 Loftsgordon Parkway,1
172,5,Quisque id justo sit amet sapien dignissim vestibulum. Vestibulum ante ipsum primis in faucibus orci luctus et ultrices posuere cubilia Curae; Nulla dapibus dolor vel est.,0 Clemons Junction,3
173,2,Aenean lectus. Pellentesque eget nunc.,14829 Bartillon Park,4
174,5,Aenean fermentum. Donec ut mauris eget massa tempor convallis.,736 Alpine Way,1
175,2,Duis mattis egestas metus.,3 Express Road,3
176,1,Praesent blandit lacinia erat. Vestibulum sed magna at nunc commodo placerat.,32652 Hazelcrest Parkway,3
177,4,"Vestibulum quam sapien, varius ut, blandit non, interdum in, ante. Vestibulum ante ipsum primis in faucibus orci luctus et ultrices posuere cubilia Curae; Duis faucibus accumsan odio.",6 Corscot Road,1
178,3,Integer ac leo.,6335 Esch Plaza,1
179,1,"Maecenas tristique, est et tempus semper, est quam pharetra magna, ac consequat metus sapien ut nunc.",3400 Drewry Park,4
180,3,"Vivamus vestibulum sagittis sapien. Cum sociis natoque penatibus et magnis dis parturient montes, nascetur ridiculus mus.",199 Hoard Pass,2
181,3,Vestibulum ante ipsum primis in faucibus orci luctus et ultrices posuere cubilia Curae; Mauris viverra diam vitae quam. Suspendisse potenti.,1208 Drewry Trail,3
182,5,Donec posuere metus vitae ipsum. Aliquam non mauris.,8962 Raven Alley,3
183,1,Vivamus in felis eu sapien cursus vestibulum.,6870 Larry Crossing,1
184,5,Suspendisse potenti.,1182 Longview Court,4
185,2,In congue. Etiam justo.,8779 Maple Wood Point,1
186,3,"Fusce congue, diam id ornare imperdiet, sapien urna pretium nisl, ut volutpat sapien arcu sed augue. Aliquam erat volutpat.",2 Canary Place,3
187,1,Curabitur gravida nisi at nibh.,90677 Commercial Terrace,2
188,4,Nulla tempus.,1599 Forest Center,2
189,1,Etiam vel augue. Vestibulum rutrum rutrum neque.,38968 5th Way,3
190,3,Cras non velit nec nisi vulputate nonummy. Maecenas tincidunt lacus at velit.,0080 Autumn Leaf Lane,2
191,4,"Quisque arcu libero, rutrum ac, lobortis vel, dapibus at, diam.",05 Forest Run Trail,1
192,5,"Morbi sem mauris, laoreet ut, rhoncus aliquet, pulvinar sed, nisl.",951 Stone Corner Trail,2
193,5,"Nulla ac enim. In tempor, turpis nec euismod scelerisque, quam turpis adipiscing lorem, vitae mattis nibh ligula nec sem.",465 Green Ridge Street,2
194,5,Aenean sit amet justo.,56352 Loeprich Road,3
195,5,"Cum sociis natoque penatibus et magnis dis parturient montes, nascetur ridiculus mus.",1461 Debra Crossing,2
196,1,Ut tellus. Nulla ut erat id mauris vulputate elementum.,7 Loeprich Pass,2
197,3,Mauris lacinia sapien quis libero. Nullam sit amet turpis elementum ligula vehicula consequat.,23 Reindahl Lane,1
198,5,Quisque ut erat. Curabitur gravida nisi at nibh.,9392 Surrey Avenue,2
199,2,"Vestibulum ante ipsum primis in faucibus orci luctus et ultrices posuere cubilia Curae; Donec pharetra, magna vestibulum aliquet ultrices, erat tortor sollicitudin mi, sit amet lobortis sapien sapien non mi.",5 Nobel Crossing,4
200,4,Cras non velit nec nisi vulputate nonummy. Maecenas tincidunt lacus at velit.,72 Buena Vista Center,4
201,3,"Lorem ipsum dolor sit amet, consectetuer adipiscing elit.",958 Menomonie Pass,2
202,5,Phasellus in felis. Donec semper sapien a libero.,8739 Northland Street,2
203,3,"Fusce lacus purus, aliquet at, feugiat non, pretium quis, lectus. Suspendisse potenti.",4 Ohio Alley,3
204,5,Morbi a ipsum.,4827 Little Fleur Junction,1
205,4,"Duis bibendum, felis sed interdum venenatis, turpis enim blandit mi, in porttitor pede justo eu massa. Donec dapibus.",5 Katie Crossing,3
206,2,Duis bibendum. Morbi non quam nec dui luctus rutrum.,12 Rutledge Trail,1
207,2,"Morbi quis tortor id nulla ultrices aliquet. Maecenas leo odio, condimentum id, luctus nec, molestie sed, justo.",3660 Raven Drive,2
208,5,"Fusce congue, diam id ornare imperdiet, sapien urna pretium nisl, ut volutpat sapien arcu sed augue. Aliquam erat volutpat.",10133 Northport Hill,4
209,3,"Donec ut mauris eget massa tempor convallis. Nulla neque libero, convallis eget, eleifend luctus, ultricies eu, nibh.",6 Carey Center,4
210,3,Duis mattis egestas metus. Aenean fermentum.,18 Morrow Center,4
211,4,Phasellus in felis. Donec semper sapien a libero.,2 Heffernan Pass,2
212,2,Cras pellentesque volutpat dui.,34 Holy Cross Center,2
213,1,Morbi a ipsum. Integer a nibh.,0959 Columbus Pass,4
214,4,Pellentesque viverra pede ac diam. Cras pellentesque volutpat dui.,04 Leroy Hill,4
215,3,Maecenas rhoncus aliquam lacus.,3 Brickson Park Avenue,1
216,2,Curabitur convallis. Duis consequat dui nec nisi volutpat eleifend.,561 Sunnyside Alley,4
217,1,Quisque porta volutpat erat.,693 Fieldstone Alley,3
218,1,"Integer non velit. Donec diam neque, vestibulum eget, vulputate ut, ultrices vel, augue.",4 Elmside Crossing,3
219,3,Morbi non lectus.,97524 Laurel Plaza,4
220,2,Mauris sit amet eros. Suspendisse accumsan tortor quis turpis.,0 Fallview Street,4
221,1,Proin at turpis a pede posuere nonummy.,6101 Farmco Way,3
222,1,Mauris lacinia sapien quis libero.,6305 Straubel Crossing,3
223,2,"Aliquam augue quam, sollicitudin vitae, consectetuer eget, rutrum at, lorem.",642 Leroy Road,3
224,3,Vestibulum sed magna at nunc commodo placerat.,5 Starling Parkway,2
225,2,Nam dui.,70340 Heffernan Alley,4
226,4,Nullam varius. Nulla facilisi.,0621 Rutledge Place,4
227,2,Donec semper sapien a libero. Nam dui.,57 Tennyson Hill,2
228,3,Maecenas rhoncus aliquam lacus. Morbi quis tortor id nulla ultrices aliquet.,8305 Dayton Plaza,4
229,5,"Vestibulum ante ipsum primis in faucibus orci luctus et ultrices posuere cubilia Curae; Donec pharetra, magna vestibulum aliquet ultrices, erat tortor sollicitudin mi, sit amet lobortis sapien sapien non mi.",34181 Mitchell Place,3
230,3,Morbi a ipsum.,0623 Farmco Center,3
231,1,"Cum sociis natoque penatibus et magnis dis parturient montes, nascetur ridiculus mus.",92 Pine View Lane,3
232,2,"Cras pellentesque volutpat dui. Maecenas tristique, est et tempus semper, est quam pharetra magna, ac consequat metus sapien ut nunc.",48 Tennessee Road,1
233,4,Mauris lacinia sapien quis libero. Nullam sit amet turpis elementum ligula vehicula consequat.,161 Fieldstone Lane,1
234,1,Nulla tempus. Vivamus in felis eu sapien cursus vestibulum.,79175 Northview Terrace,4
235,5,"Morbi sem mauris, laoreet ut, rhoncus aliquet, pulvinar sed, nisl.",39 Spenser Hill,4
236,2,Aenean auctor gravida sem. Praesent id massa id nisl venenatis lacinia.,7722 Weeping Birch Street,2
237,1,Etiam pretium iaculis justo. In hac habitasse platea dictumst.,0339 Green Lane,4
238,3,Mauris lacinia sapien quis libero.,05274 Leroy Way,1
239,4,Phasellus sit amet erat.,369 Green Ridge Crossing,3
240,1,Proin eu mi.,8246 Stuart Plaza,1
241,2,Nulla tellus.,042 Bluestem Center,4
242,2,Aliquam erat volutpat. In congue.,10724 Northland Point,2
243,2,Aliquam quis turpis eget elit sodales scelerisque.,8477 Southridge Way,2
244,2,Ut at dolor quis odio consequat varius. Integer ac leo.,8576 Amoth Circle,1
245,4,"Quisque porta volutpat erat. Quisque erat eros, viverra eget, congue eget, semper rutrum, nulla.",456 Hanover Terrace,2
246,3,Proin eu mi.,7077 Blue Bill Park Point,4
247,5,Pellentesque ultrices mattis odio. Donec vitae nisi.,032 Sundown Point,1
248,3,Nullam varius. Nulla facilisi.,42441 Derek Court,3
249,2,Quisque ut erat.,2894 Chinook Center,1
250,2,"Proin leo odio, porttitor id, consequat in, consequat ut, nulla.",05 Derek Road,3
251,2,Maecenas pulvinar lobortis est. Phasellus sit amet erat.,29669 Portage Junction,1
252,3,Aliquam quis turpis eget elit sodales scelerisque. Mauris sit amet eros.,377 Maple Drive,1
253,1,"Morbi sem mauris, laoreet ut, rhoncus aliquet, pulvinar sed, nisl. Nunc rhoncus dui vel sem.",2 Loomis Avenue,3
254,3,"Nam nulla. Integer pede justo, lacinia eget, tincidunt eget, tempus vel, pede.",30426 Milwaukee Junction,2
255,2,In hac habitasse platea dictumst. Maecenas ut massa quis augue luctus tincidunt.,76601 Westport Center,1
256,4,Cras non velit nec nisi vulputate nonummy.,7 Montana Court,1
257,4,"Phasellus id sapien in sapien iaculis congue. Vivamus metus arcu, adipiscing molestie, hendrerit at, vulputate vitae, nisl.",61829 Eastwood Avenue,2
258,4,Vestibulum rutrum rutrum neque.,9872 Glendale Street,1
259,5,"Fusce posuere felis sed lacus. Morbi sem mauris, laoreet ut, rhoncus aliquet, pulvinar sed, nisl.",581 Spenser Point,3
260,5,Vestibulum sed magna at nunc commodo placerat.,9608 Kipling Drive,3
261,3,Nulla ut erat id mauris vulputate elementum.,63266 Johnson Parkway,3
262,4,Duis aliquam convallis nunc.,471 Gina Alley,3
263,1,Morbi a ipsum. Integer a nibh.,0650 Pankratz Terrace,1
264,4,Fusce consequat. Nulla nisl.,7676 Dryden Alley,1
265,1,Vestibulum rutrum rutrum neque.,30104 Walton Avenue,3
266,4,Nunc purus.,49991 Dixon Street,4
267,3,Curabitur convallis. Duis consequat dui nec nisi volutpat eleifend.,66190 Fieldstone Place,3
268,5,Nullam porttitor lacus at turpis.,8 Arkansas Pass,1
269,2,Nullam porttitor lacus at turpis.,6 Dryden Center,4
270,4,"In hac habitasse platea dictumst. Morbi vestibulum, velit id pretium iaculis, diam erat fermentum justo, nec condimentum neque sapien placerat ante.",388 Pine View Point,3
271,2,Duis consequat dui nec nisi volutpat eleifend. Donec ut dolor.,329 Amoth Trail,1
272,1,"Maecenas tristique, est et tempus semper, est quam pharetra magna, ac consequat metus sapien ut nunc. Vestibulum ante ipsum primis in faucibus orci luctus et ultrices posuere cubilia Curae; Mauris viverra diam vitae quam.",35274 Autumn Leaf Point,1
273,2,Duis aliquam convallis nunc.,44804 Gale Avenue,4
274,2,"Duis ac nibh. Fusce lacus purus, aliquet at, feugiat non, pretium quis, lectus.",689 Starling Terrace,3
275,1,Phasellus sit amet erat.,21 Hintze Circle,2
276,4,"In tempor, turpis nec euismod scelerisque, quam turpis adipiscing lorem, vitae mattis nibh ligula nec sem.",17551 Goodland Junction,1
277,4,Duis aliquam convallis nunc. Proin at turpis a pede posuere nonummy.,87841 Westport Pass,4
278,3,Vestibulum ac est lacinia nisi venenatis tristique.,46994 Hudson Junction,1
279,1,Donec semper sapien a libero.,5 Butterfield Court,3
280,5,Pellentesque at nulla. Suspendisse potenti.,50400 Sommers Way,3
281,2,Pellentesque eget nunc.,033 Elgar Lane,3
282,3,"Phasellus id sapien in sapien iaculis congue. Vivamus metus arcu, adipiscing molestie, hendrerit at, vulputate vitae, nisl.",17631 Bowman Crossing,3
283,4,Nulla mollis molestie lorem. Quisque ut erat.,5676 Mockingbird Alley,3
284,5,Proin interdum mauris non ligula pellentesque ultrices. Phasellus id sapien in sapien iaculis congue.,6026 Novick Road,3
285,3,Etiam pretium iaculis justo. In hac habitasse platea dictumst.,43542 Crest Line Way,3
286,4,Etiam faucibus cursus urna.,6680 Beilfuss Point,2
287,4,Sed sagittis.,822 Sullivan Trail,2
288,1,"Nunc nisl. Duis bibendum, felis sed interdum venenatis, turpis enim blandit mi, in porttitor pede justo eu massa.",43 Arkansas Avenue,3
289,4,In hac habitasse platea dictumst. Maecenas ut massa quis augue luctus tincidunt.,6607 Bunting Alley,3
290,1,Suspendisse potenti. In eleifend quam a odio.,4770 Waywood Avenue,4
291,2,"In blandit ultrices enim. Lorem ipsum dolor sit amet, consectetuer adipiscing elit.",1766 Nelson Terrace,3
292,4,Mauris sit amet eros.,22240 Paget Place,1
293,5,Vivamus tortor. Duis mattis egestas metus.,183 Hoepker Place,1
294,3,In hac habitasse platea dictumst.,3079 Reinke Terrace,4
295,5,Quisque id justo sit amet sapien dignissim vestibulum. Vestibulum ante ipsum primis in faucibus orci luctus et ultrices posuere cubilia Curae; Nulla dapibus dolor vel est.,2928 Dayton Crossing,1
296,5,Suspendisse accumsan tortor quis turpis.,31 Basil Point,3
297,4,In quis justo.,6321 Morning Circle,4
298,4,"Praesent lectus. Vestibulum quam sapien, varius ut, blandit non, interdum in, ante.",791 Judy Center,2
299,5,Pellentesque ultrices mattis odio. Donec vitae nisi.,75416 Gateway Lane,3
300,1,Morbi a ipsum.,999 Loeprich Court,2
301,5,Duis bibendum. Morbi non quam nec dui luctus rutrum.,8 Starling Terrace,3
302,2,Nulla ut erat id mauris vulputate elementum. Nullam varius.,9801 Brown Crossing,3
303,5,Proin risus. Praesent lectus.,1079 Melrose Alley,4
304,2,Cras non velit nec nisi vulputate nonummy. Maecenas tincidunt lacus at velit.,4 Algoma Junction,3
305,3,Aenean auctor gravida sem. Praesent id massa id nisl venenatis lacinia.,2217 Dryden Trail,2
306,5,Integer ac neque. Duis bibendum.,8 North Pass,1
307,5,"Maecenas leo odio, condimentum id, luctus nec, molestie sed, justo.",11 Fulton Road,3
308,5,Mauris ullamcorper purus sit amet nulla.,96744 Waubesa Park,3
309,2,"In tempor, turpis nec euismod scelerisque, quam turpis adipiscing lorem, vitae mattis nibh ligula nec sem. Duis aliquam convallis nunc.",42779 Jenifer Crossing,3
310,3,Aenean fermentum.,36 Corben Place,3
311,4,Donec vitae nisi.,1 Morrow Place,4
312,3,Praesent id massa id nisl venenatis lacinia. Aenean sit amet justo.,6870 Schmedeman Place,3
313,4,"Maecenas tristique, est et tempus semper, est quam pharetra magna, ac consequat metus sapien ut nunc.",87779 Kropf Circle,1
314,4,Nulla ut erat id mauris vulputate elementum. Nullam varius.,866 Clarendon Circle,3
315,4,In hac habitasse platea dictumst.,42 Vidon Plaza,3
316,3,Maecenas pulvinar lobortis est. Phasellus sit amet erat.,8 Leroy Pass,1
317,2,Curabitur convallis. Duis consequat dui nec nisi volutpat eleifend.,674 Garrison Pass,4
318,3,Suspendisse potenti.,0 Luster Circle,2
319,2,"Morbi sem mauris, laoreet ut, rhoncus aliquet, pulvinar sed, nisl.",89211 Novick Place,4
320,2,Maecenas ut massa quis augue luctus tincidunt.,53776 Mcguire Crossing,3
321,5,Sed ante.,5481 Fremont Place,1
322,2,"Nunc nisl. Duis bibendum, felis sed interdum venenatis, turpis enim blandit mi, in porttitor pede justo eu massa.",56999 Bellgrove Way,1
323,2,In blandit ultrices enim.,66473 Oakridge Pass,2
324,2,Praesent blandit lacinia erat. Vestibulum sed magna at nunc commodo placerat.,08288 Namekagon Place,4
325,2,Suspendisse potenti.,7279 Anniversary Lane,1
326,4,Vivamus vel nulla eget eros elementum pellentesque. Quisque porta volutpat erat.,504 Aberg Center,4
327,1,"In tempor, turpis nec euismod scelerisque, quam turpis adipiscing lorem, vitae mattis nibh ligula nec sem. Duis aliquam convallis nunc.",1135 Dakota Park,1
328,1,Duis at velit eu est congue elementum.,8993 Birchwood Avenue,1
329,1,Curabitur gravida nisi at nibh. In hac habitasse platea dictumst.,0862 Kropf Road,3
330,2,Vestibulum ante ipsum primis in faucibus orci luctus et ultrices posuere cubilia Curae; Nulla dapibus dolor vel est.,094 Northwestern Circle,1
331,4,Curabitur gravida nisi at nibh. In hac habitasse platea dictumst.,3 Buena Vista Street,2
332,1,Integer a nibh. In quis justo.,58984 Dawn Place,4
333,1,Quisque ut erat.,89 Declaration Junction,1
334,3,"Vivamus metus arcu, adipiscing molestie, hendrerit at, vulputate vitae, nisl.",7141 Crescent Oaks Point,4
335,3,Quisque id justo sit amet sapien dignissim vestibulum.,92 Prairie Rose Hill,1
336,4,Maecenas rhoncus aliquam lacus. Morbi quis tortor id nulla ultrices aliquet.,7 Annamark Terrace,4
337,4,Morbi non quam nec dui luctus rutrum.,1 Golden Leaf Court,3
338,4,Praesent id massa id nisl venenatis lacinia.,45518 Orin Park,3
339,4,"Nunc nisl. Duis bibendum, felis sed interdum venenatis, turpis enim blandit mi, in porttitor pede justo eu massa.",2 Rowland Court,4
340,5,Sed sagittis.,8934 Summer Ridge Trail,2
341,3,Vestibulum ante ipsum primis in faucibus orci luctus et ultrices posuere cubilia Curae; Nulla dapibus dolor vel est.,722 Hudson Point,2
342,4,"Fusce lacus purus, aliquet at, feugiat non, pretium quis, lectus.",6948 Mcguire Road,2
343,1,"Nulla neque libero, convallis eget, eleifend luctus, ultricies eu, nibh.",283 Drewry Point,2
344,5,"Nam dui. Proin leo odio, porttitor id, consequat in, consequat ut, nulla.",2590 Becker Park,4
345,5,"Morbi odio odio, elementum eu, interdum eu, tincidunt in, leo.",0677 Bunting Court,1
346,4,"Mauris ullamcorper purus sit amet nulla. Quisque arcu libero, rutrum ac, lobortis vel, dapibus at, diam.",56 Mayer Point,2
347,1,Mauris sit amet eros. Suspendisse accumsan tortor quis turpis.,1 Kim Hill,1
348,1,Ut at dolor quis odio consequat varius.,066 Truax Junction,1
349,4,Nulla justo.,3331 Northridge Road,4
350,3,Sed accumsan felis.,4401 Sullivan Center,1
351,4,"Phasellus id sapien in sapien iaculis congue. Vivamus metus arcu, adipiscing molestie, hendrerit at, vulputate vitae, nisl.",7469 Onsgard Crossing,3
352,5,Morbi ut odio.,57 Hallows Place,1
353,2,Nullam varius.,142 Gulseth Point,1
354,4,"Curabitur in libero ut massa volutpat convallis. Morbi odio odio, elementum eu, interdum eu, tincidunt in, leo.",61488 Prentice Circle,2
355,3,Vivamus in felis eu sapien cursus vestibulum. Proin eu mi.,52 Thierer Court,2
356,2,Integer ac leo.,453 Tony Point,2
357,3,"Nam congue, risus semper porta volutpat, quam pede lobortis ligula, sit amet eleifend pede libero quis orci. Nullam molestie nibh in lectus.",9225 Thompson Road,2
358,2,Nullam varius. Nulla facilisi.,615 Sommers Road,1
359,3,Curabitur in libero ut massa volutpat convallis.,21 Lindbergh Way,1
360,1,Integer ac neque. Duis bibendum.,7447 Waxwing Hill,4
361,5,Sed vel enim sit amet nunc viverra dapibus. Nulla suscipit ligula in lacus.,61581 Monica Crossing,3
362,1,Nunc purus.,856 Ridgeway Court,4
363,3,"Mauris ullamcorper purus sit amet nulla. Quisque arcu libero, rutrum ac, lobortis vel, dapibus at, diam.",827 Troy Place,1
364,3,In congue.,59266 Welch Circle,3
365,5,"Nulla ac enim. In tempor, turpis nec euismod scelerisque, quam turpis adipiscing lorem, vitae mattis nibh ligula nec sem.",0368 Ludington Junction,4
366,5,Phasellus id sapien in sapien iaculis congue.,15 Sherman Center,1
367,2,"Praesent lectus. Vestibulum quam sapien, varius ut, blandit non, interdum in, ante.",9343 Bayside Crossing,3
368,5,Suspendisse potenti. In eleifend quam a odio.,15842 Hazelcrest Pass,1
369,5,Pellentesque viverra pede ac diam. Cras pellentesque volutpat dui.,9 Moland Junction,2
370,4,Aenean lectus. Pellentesque eget nunc.,85950 Mayer Crossing,1
371,4,Donec ut dolor.,83004 Eagan Crossing,4
372,5,Proin at turpis a pede posuere nonummy. Integer non velit.,2089 Kropf Place,3
373,2,Donec posuere metus vitae ipsum.,4 1st Alley,2
374,1,Curabitur in libero ut massa volutpat convallis.,4001 La Follette Circle,4
375,5,Maecenas ut massa quis augue luctus tincidunt.,24963 Anhalt Terrace,2
376,5,Nulla tellus.,991 Sycamore Hill,3
377,1,Donec ut dolor. Morbi vel lectus in quam fringilla rhoncus.,39035 Declaration Park,2
378,5,Etiam pretium iaculis justo.,564 Melody Circle,3
379,5,Pellentesque viverra pede ac diam. Cras pellentesque volutpat dui.,13796 Randy Center,4
380,5,"Cras in purus eu magna vulputate luctus. Cum sociis natoque penatibus et magnis dis parturient montes, nascetur ridiculus mus.",1933 Troy Point,3
381,4,"Integer aliquet, massa id lobortis convallis, tortor risus dapibus augue, vel accumsan tellus nisi eu orci.",4 Sunfield Alley,2
382,4,"Morbi odio odio, elementum eu, interdum eu, tincidunt in, leo. Maecenas pulvinar lobortis est.",3352 Russell Place,2
383,2,Vestibulum ante ipsum primis in faucibus orci luctus et ultrices posuere cubilia Curae; Duis faucibus accumsan odio.,2492 Vahlen Plaza,4
384,4,Aliquam erat volutpat.,7831 Redwing Lane,4
385,4,"Fusce lacus purus, aliquet at, feugiat non, pretium quis, lectus. Suspendisse potenti.",3127 Sutherland Park,3
386,5,Etiam justo.,282 Delladonna Junction,2
387,4,"In est risus, auctor sed, tristique in, tempus sit amet, sem.",7 Michigan Lane,2
388,1,Praesent blandit. Nam nulla.,30791 Ohio Avenue,2
389,5,Ut at dolor quis odio consequat varius.,41 Artisan Lane,3
390,4,"Donec ut mauris eget massa tempor convallis. Nulla neque libero, convallis eget, eleifend luctus, ultricies eu, nibh.",544 Fallview Point,3
391,4,Pellentesque viverra pede ac diam.,64 Park Meadow Point,2
392,1,Nullam porttitor lacus at turpis. Donec posuere metus vitae ipsum.,6643 Stuart Plaza,2
393,3,Donec posuere metus vitae ipsum.,57 Golf View Parkway,3
394,2,Nunc nisl.,426 John Wall Place,3
395,3,Sed accumsan felis. Ut at dolor quis odio consequat varius.,991 Blackbird Pass,4
396,4,Proin interdum mauris non ligula pellentesque ultrices. Phasellus id sapien in sapien iaculis congue.,9 Pierstorff Drive,1
397,2,"Nulla neque libero, convallis eget, eleifend luctus, ultricies eu, nibh. Quisque id justo sit amet sapien dignissim vestibulum.",0 Holmberg Circle,3
398,5,"Donec odio justo, sollicitudin ut, suscipit a, feugiat et, eros.",260 Brentwood Road,1
399,2,Nullam porttitor lacus at turpis. Donec posuere metus vitae ipsum.,18 Ilene Hill,2
400,5,Nullam molestie nibh in lectus.,46011 Sommers Pass,3
401,2,"Donec odio justo, sollicitudin ut, suscipit a, feugiat et, eros. Vestibulum ac est lacinia nisi venenatis tristique.",6 Sage Terrace,2
402,4,"Maecenas leo odio, condimentum id, luctus nec, molestie sed, justo.",30 Hayes Point,3
403,3,"Lorem ipsum dolor sit amet, consectetuer adipiscing elit.",36801 Red Cloud Center,2
404,4,"Cum sociis natoque penatibus et magnis dis parturient montes, nascetur ridiculus mus. Vivamus vestibulum sagittis sapien.",6 Emmet Pass,4
405,4,Vestibulum rutrum rutrum neque. Aenean auctor gravida sem.,5892 Kingsford Street,3
406,2,Sed accumsan felis.,05191 West Parkway,1
407,1,Integer non velit.,293 Lawn Drive,3
408,2,Proin interdum mauris non ligula pellentesque ultrices. Phasellus id sapien in sapien iaculis congue.,47015 Green Ridge Center,3
409,3,Integer ac neque.,1 Johnson Drive,3
410,3,Etiam faucibus cursus urna.,74178 Katie Point,2
411,2,Curabitur convallis. Duis consequat dui nec nisi volutpat eleifend.,714 North Place,3
412,1,"Phasellus id sapien in sapien iaculis congue. Vivamus metus arcu, adipiscing molestie, hendrerit at, vulputate vitae, nisl.",52 Heath Park,4
413,5,"Vivamus metus arcu, adipiscing molestie, hendrerit at, vulputate vitae, nisl. Aenean lectus.",86354 Moose Way,4
414,4,Fusce posuere felis sed lacus.,24 Maryland Alley,3
415,2,Nam nulla.,3 Eagan Drive,1
416,1,"Morbi sem mauris, laoreet ut, rhoncus aliquet, pulvinar sed, nisl. Nunc rhoncus dui vel sem.",0 Sutherland Point,1
417,1,"Vestibulum ac est lacinia nisi venenatis tristique. Fusce congue, diam id ornare imperdiet, sapien urna pretium nisl, ut volutpat sapien arcu sed augue.",31 Pine View Way,3
418,2,Donec ut mauris eget massa tempor convallis.,65 Saint Paul Lane,2
419,4,"Quisque erat eros, viverra eget, congue eget, semper rutrum, nulla. Nunc purus.",85 Reindahl Lane,3
420,5,Ut tellus. Nulla ut erat id mauris vulputate elementum.,002 Crownhardt Place,2
421,1,Fusce consequat.,83 Packers Street,4
422,2,Nulla tempus. Vivamus in felis eu sapien cursus vestibulum.,47 Milwaukee Court,3
423,3,"Duis bibendum, felis sed interdum venenatis, turpis enim blandit mi, in porttitor pede justo eu massa. Donec dapibus.",96 Golf Road,2
424,4,Ut at dolor quis odio consequat varius. Integer ac leo.,5732 Monument Street,2
425,5,Phasellus sit amet erat. Nulla tempus.,05 Brentwood Pass,1
426,1,Pellentesque ultrices mattis odio. Donec vitae nisi.,3 Raven Parkway,2
427,3,Nullam porttitor lacus at turpis.,5545 Namekagon Center,3
428,1,Maecenas rhoncus aliquam lacus. Morbi quis tortor id nulla ultrices aliquet.,9 7th Court,2
429,3,"Morbi sem mauris, laoreet ut, rhoncus aliquet, pulvinar sed, nisl. Nunc rhoncus dui vel sem.",21959 Esch Point,1
430,2,Praesent blandit. Nam nulla.,9 Elgar Junction,4
431,5,Morbi porttitor lorem id ligula.,0 Trailsway Place,2
432,3,Vestibulum rutrum rutrum neque. Aenean auctor gravida sem.,57922 Sundown Court,1
433,3,"Quisque arcu libero, rutrum ac, lobortis vel, dapibus at, diam. Nam tristique tortor eu pede.",5148 School Drive,4
434,2,Nullam sit amet turpis elementum ligula vehicula consequat.,9220 Dwight Junction,3
435,2,Morbi porttitor lorem id ligula. Suspendisse ornare consequat lectus.,455 International Way,1
436,1,"Cras pellentesque volutpat dui. Maecenas tristique, est et tempus semper, est quam pharetra magna, ac consequat metus sapien ut nunc.",492 Nancy Terrace,4
437,1,"Vivamus metus arcu, adipiscing molestie, hendrerit at, vulputate vitae, nisl.",715 Spenser Pass,3
438,1,Curabitur in libero ut massa volutpat convallis.,37 6th Way,2
439,1,Pellentesque viverra pede ac diam.,12 Delladonna Way,4
440,1,Donec ut dolor.,0947 Southridge Center,4
441,4,"Morbi odio odio, elementum eu, interdum eu, tincidunt in, leo. Maecenas pulvinar lobortis est.",68481 Victoria Drive,2
442,4,"Donec diam neque, vestibulum eget, vulputate ut, ultrices vel, augue.",618 Larry Point,1
443,2,"Morbi ut odio. Cras mi pede, malesuada in, imperdiet et, commodo vulputate, justo.",841 Debs Alley,4
444,3,"Duis bibendum, felis sed interdum venenatis, turpis enim blandit mi, in porttitor pede justo eu massa. Donec dapibus.",29631 Iowa Point,1
445,4,Aenean auctor gravida sem. Praesent id massa id nisl venenatis lacinia.,278 Michigan Trail,4
446,3,In congue. Etiam justo.,445 Namekagon Crossing,4
447,4,Duis aliquam convallis nunc.,701 Esker Junction,4
448,4,Donec ut mauris eget massa tempor convallis.,81 Rusk Place,2
449,1,"Nullam orci pede, venenatis non, sodales sed, tincidunt eu, felis. Fusce posuere felis sed lacus.",5 Muir Parkway,2
450,5,Maecenas pulvinar lobortis est.,9559 Daystar Trail,1
451,2,"Cras mi pede, malesuada in, imperdiet et, commodo vulputate, justo. In blandit ultrices enim.",26746 Chive Point,1
452,4,Aliquam sit amet diam in magna bibendum imperdiet.,06075 Golf View Place,1
453,2,"Nullam orci pede, venenatis non, sodales sed, tincidunt eu, felis. Fusce posuere felis sed lacus.",10 Susan Pass,2
454,3,"Quisque arcu libero, rutrum ac, lobortis vel, dapibus at, diam.",0957 Victoria Terrace,2
455,5,Suspendisse potenti.,215 Tennessee Alley,3
456,1,Curabitur gravida nisi at nibh. In hac habitasse platea dictumst.,5 Caliangt Crossing,3
457,3,Donec ut dolor. Morbi vel lectus in quam fringilla rhoncus.,2452 Vahlen Way,3
458,1,Maecenas pulvinar lobortis est.,6175 Kim Court,1
459,3,Duis at velit eu est congue elementum. In hac habitasse platea dictumst.,98805 Larry Street,3
460,1,Duis at velit eu est congue elementum.,881 Sutteridge Street,3
461,1,"Nam ultrices, libero non mattis pulvinar, nulla pede ullamcorper augue, a suscipit nulla elit ac nulla. Sed vel enim sit amet nunc viverra dapibus.",43 Shelley Street,2
462,4,"Nam ultrices, libero non mattis pulvinar, nulla pede ullamcorper augue, a suscipit nulla elit ac nulla.",29 Hermina Circle,4
463,1,Pellentesque ultrices mattis odio. Donec vitae nisi.,2947 Arkansas Trail,3
464,3,Nam dui.,19874 Victoria Plaza,4
465,5,Proin risus. Praesent lectus.,505 Lerdahl Terrace,1
466,2,Donec dapibus. Duis at velit eu est congue elementum.,221 Summerview Road,4
467,1,Duis ac nibh.,430 Hanover Terrace,2
468,2,Aenean fermentum.,19798 Hansons Circle,1
469,2,"Vestibulum ante ipsum primis in faucibus orci luctus et ultrices posuere cubilia Curae; Donec pharetra, magna vestibulum aliquet ultrices, erat tortor sollicitudin mi, sit amet lobortis sapien sapien non mi.",67 Meadow Valley Center,1
470,2,"Nulla neque libero, convallis eget, eleifend luctus, ultricies eu, nibh.",23 Memorial Road,2
471,3,Morbi vel lectus in quam fringilla rhoncus.,3 Tomscot Avenue,1
472,2,Vivamus vel nulla eget eros elementum pellentesque.,70840 Sunfield Trail,2
473,3,Morbi a ipsum. Integer a nibh.,049 Kim Lane,3
474,3,Vestibulum ante ipsum primis in faucibus orci luctus et ultrices posuere cubilia Curae; Mauris viverra diam vitae quam. Suspendisse potenti.,69654 Barnett Circle,1
475,3,"Nulla neque libero, convallis eget, eleifend luctus, ultricies eu, nibh.",5 Banding Way,3
476,4,Aenean sit amet justo.,329 Hanover Court,4
477,5,In hac habitasse platea dictumst.,07020 Heath Plaza,4
478,3,"Morbi ut odio. Cras mi pede, malesuada in, imperdiet et, commodo vulputate, justo.",6 Valley Edge Alley,1
479,4,Pellentesque ultrices mattis odio.,531 Holmberg Crossing,2
480,4,"Nam ultrices, libero non mattis pulvinar, nulla pede ullamcorper augue, a suscipit nulla elit ac nulla.",1 Hooker Pass,3
481,5,Integer ac leo.,36106 Westridge Crossing,3
482,4,Integer a nibh.,35246 Buhler Place,1
483,4,"Cum sociis natoque penatibus et magnis dis parturient montes, nascetur ridiculus mus.",8 Fordem Lane,3
484,3,"Cras mi pede, malesuada in, imperdiet et, commodo vulputate, justo.",82814 Mifflin Drive,1
485,5,Vivamus in felis eu sapien cursus vestibulum. Proin eu mi.,434 Carioca Hill,2
486,3,Duis aliquam convallis nunc. Proin at turpis a pede posuere nonummy.,7180 Starling Park,3
487,1,Integer ac neque.,14 Mcguire Plaza,4
488,1,Nam nulla.,85 Quincy Crossing,1
489,1,Ut tellus. Nulla ut erat id mauris vulputate elementum.,8 Carey Drive,4
490,1,Nullam sit amet turpis elementum ligula vehicula consequat. Morbi a ipsum.,397 Farragut Center,4
491,3,"Aliquam augue quam, sollicitudin vitae, consectetuer eget, rutrum at, lorem. Integer tincidunt ante vel ipsum.",721 Evergreen Street,2
492,2,Integer tincidunt ante vel ipsum.,073 Tennyson Avenue,1
493,5,"Duis ac nibh. Fusce lacus purus, aliquet at, feugiat non, pretium quis, lectus.",1104 Fairfield Drive,1
494,2,"Aliquam augue quam, sollicitudin vitae, consectetuer eget, rutrum at, lorem.",7903 Sutherland Lane,3
495,4,Proin at turpis a pede posuere nonummy. Integer non velit.,14211 Commercial Terrace,4
496,3,In blandit ultrices enim.,871 Duke Avenue,4
497,1,Vestibulum ante ipsum primis in faucibus orci luctus et ultrices posuere cubilia Curae; Mauris viverra diam vitae quam.,2618 Spaight Road,2
498,2,"Nullam orci pede, venenatis non, sodales sed, tincidunt eu, felis.",1964 Lillian Drive,2
499,3,Duis aliquam convallis nunc. Proin at turpis a pede posuere nonummy.,33835 Pine View Parkway,3
500,5,Cras pellentesque volutpat dui.,12801 Lyons Crossing,1
501,5,Nulla mollis molestie lorem.,6870 Golden Leaf Alley,2
502,3,"Cras in purus eu magna vulputate luctus. Cum sociis natoque penatibus et magnis dis parturient montes, nascetur ridiculus mus.",61115 Upham Pass,3
503,3,Nullam molestie nibh in lectus.,33053 Monument Junction,1
504,1,Morbi vel lectus in quam fringilla rhoncus.,52823 Golf Circle,2
505,3,Cras in purus eu magna vulputate luctus.,02 Westridge Point,2
506,4,Sed ante. Vivamus tortor.,57155 Steensland Park,4
507,4,Vestibulum ac est lacinia nisi venenatis tristique.,6300 Commercial Circle,4
508,5,"Phasellus id sapien in sapien iaculis congue. Vivamus metus arcu, adipiscing molestie, hendrerit at, vulputate vitae, nisl.",2 Tennessee Circle,4
509,4,"Nam congue, risus semper porta volutpat, quam pede lobortis ligula, sit amet eleifend pede libero quis orci.",3 Randy Parkway,4
510,5,Quisque ut erat.,7 Hoard Parkway,1
511,1,Fusce consequat.,04269 Sundown Court,3
512,2,Nam dui.,989 Raven Junction,2
513,5,Nulla justo. Aliquam quis turpis eget elit sodales scelerisque.,64673 Hudson Avenue,2
514,1,Sed sagittis.,31 Shoshone Place,3
515,3,Donec quis orci eget orci vehicula condimentum.,62402 Burrows Drive,1
516,4,Nulla facilisi. Cras non velit nec nisi vulputate nonummy.,16 Transport Pass,4
517,5,Morbi non lectus. Aliquam sit amet diam in magna bibendum imperdiet.,553 Hauk Way,3
518,2,Pellentesque viverra pede ac diam.,5572 Independence Circle,2
519,2,Vivamus in felis eu sapien cursus vestibulum. Proin eu mi.,7232 Golf View Parkway,2
520,3,"Mauris enim leo, rhoncus sed, vestibulum sit amet, cursus id, turpis. Integer aliquet, massa id lobortis convallis, tortor risus dapibus augue, vel accumsan tellus nisi eu orci.",6 American Lane,3
521,2,Curabitur at ipsum ac tellus semper interdum.,8420 Mcguire Center,1
522,2,Curabitur convallis. Duis consequat dui nec nisi volutpat eleifend.,0 Swallow Junction,3
523,5,Curabitur convallis. Duis consequat dui nec nisi volutpat eleifend.,1881 Eggendart Way,2
524,5,Duis at velit eu est congue elementum. In hac habitasse platea dictumst.,048 Westport Plaza,4
525,5,Etiam justo.,25822 Nevada Court,1
526,4,Duis bibendum.,089 Prentice Avenue,2
527,5,"Cras mi pede, malesuada in, imperdiet et, commodo vulputate, justo.",291 Huxley Trail,4
528,5,Vestibulum sed magna at nunc commodo placerat.,14500 Upham Court,4
529,4,"Nam ultrices, libero non mattis pulvinar, nulla pede ullamcorper augue, a suscipit nulla elit ac nulla.",89437 Shoshone Way,1
530,3,Etiam justo.,01203 Commercial Parkway,4
531,3,Cras non velit nec nisi vulputate nonummy. Maecenas tincidunt lacus at velit.,56 Westend Center,1
532,3,"Maecenas leo odio, condimentum id, luctus nec, molestie sed, justo. Pellentesque viverra pede ac diam.",88938 Prentice Place,2
533,4,"Fusce lacus purus, aliquet at, feugiat non, pretium quis, lectus.",130 Nova Trail,1
534,2,Ut at dolor quis odio consequat varius. Integer ac leo.,5789 Rusk Pass,2
535,3,Nulla suscipit ligula in lacus. Curabitur at ipsum ac tellus semper interdum.,1 Bonner Court,2
536,2,Aliquam quis turpis eget elit sodales scelerisque.,06 Sachs Center,3
537,5,Vivamus in felis eu sapien cursus vestibulum.,16 Sunfield Junction,3
538,2,Donec quis orci eget orci vehicula condimentum.,0996 Utah Pass,4
539,4,Duis consequat dui nec nisi volutpat eleifend. Donec ut dolor.,37342 Larry Pass,3
540,4,Etiam faucibus cursus urna. Ut tellus.,40 Manitowish Alley,1
541,1,"Quisque erat eros, viverra eget, congue eget, semper rutrum, nulla.",865 West Drive,3
542,2,"Cum sociis natoque penatibus et magnis dis parturient montes, nascetur ridiculus mus.",74 Colorado Point,3
543,1,Nulla ac enim.,872 Quincy Street,4
544,5,Nulla facilisi.,11679 Truax Avenue,3
545,3,"Cum sociis natoque penatibus et magnis dis parturient montes, nascetur ridiculus mus. Vivamus vestibulum sagittis sapien.",76479 Russell Terrace,3
546,2,Proin risus.,66327 Esch Way,4
547,4,Praesent lectus.,2341 Jenna Trail,2
548,4,In hac habitasse platea dictumst.,5 Westridge Drive,4
549,2,Donec posuere metus vitae ipsum.,79490 Schurz Avenue,2
550,5,Duis bibendum. Morbi non quam nec dui luctus rutrum.,56 Northfield Place,4
551,2,Duis mattis egestas metus. Aenean fermentum.,027 Arkansas Pass,2
552,3,Etiam justo.,2 Ohio Avenue,3
553,3,Sed ante. Vivamus tortor.,1 Florence Junction,4
554,5,Nulla tempus.,6 Butternut Point,4
555,4,Morbi porttitor lorem id ligula. Suspendisse ornare consequat lectus.,33293 Graedel Point,3
556,3,Nam nulla.,35035 Portage Pass,2
557,2,Sed vel enim sit amet nunc viverra dapibus. Nulla suscipit ligula in lacus.,2 Bowman Lane,4
558,2,Morbi non quam nec dui luctus rutrum. Nulla tellus.,0 Clove Center,2
559,4,Integer tincidunt ante vel ipsum.,664 Weeping Birch Point,1
560,2,"In blandit ultrices enim. Lorem ipsum dolor sit amet, consectetuer adipiscing elit.",7 Corry Terrace,4
561,5,Vestibulum ante ipsum primis in faucibus orci luctus et ultrices posuere cubilia Curae; Mauris viverra diam vitae quam. Suspendisse potenti.,425 Service Plaza,3
562,4,Maecenas rhoncus aliquam lacus. Morbi quis tortor id nulla ultrices aliquet.,715 Spohn Drive,4
563,2,Integer ac neque. Duis bibendum.,4 Steensland Drive,3
564,5,Nullam sit amet turpis elementum ligula vehicula consequat.,40 Debra Plaza,1
565,4,Vestibulum rutrum rutrum neque.,27 Forest Run Circle,2
566,2,Sed sagittis.,87960 Artisan Street,1
567,4,"Donec diam neque, vestibulum eget, vulputate ut, ultrices vel, augue.",03 Troy Point,1
568,3,Etiam justo.,06 Ridge Oak Junction,3
569,3,Ut tellus.,5958 Mayer Parkway,3
570,5,"Morbi quis tortor id nulla ultrices aliquet. Maecenas leo odio, condimentum id, luctus nec, molestie sed, justo.",3 Mayer Drive,2
571,4,Integer ac leo.,60524 Surrey Trail,1
572,3,Donec quis orci eget orci vehicula condimentum. Curabitur in libero ut massa volutpat convallis.,1140 Macpherson Court,3
573,1,Quisque ut erat. Curabitur gravida nisi at nibh.,3735 Mayfield Crossing,3
574,5,"Duis bibendum, felis sed interdum venenatis, turpis enim blandit mi, in porttitor pede justo eu massa. Donec dapibus.",888 Lakeland Plaza,4
575,5,Praesent id massa id nisl venenatis lacinia.,74 Southridge Way,2
576,1,Pellentesque viverra pede ac diam.,78 Orin Crossing,2
577,1,Ut tellus.,4 Hollow Ridge Place,3
578,2,"Morbi vestibulum, velit id pretium iaculis, diam erat fermentum justo, nec condimentum neque sapien placerat ante. Nulla justo.",986 Rigney Hill,1
579,2,Cras non velit nec nisi vulputate nonummy. Maecenas tincidunt lacus at velit.,70578 Oakridge Hill,3
580,2,Nullam sit amet turpis elementum ligula vehicula consequat. Morbi a ipsum.,4801 Merry Parkway,3
581,5,In quis justo. Maecenas rhoncus aliquam lacus.,843 Fieldstone Point,3
582,4,Aenean sit amet justo.,076 Crowley Lane,4
583,5,Vivamus vel nulla eget eros elementum pellentesque.,272 Montana Court,2
584,2,In hac habitasse platea dictumst.,5 Debra Hill,3
585,2,Donec posuere metus vitae ipsum. Aliquam non mauris.,87 Novick Circle,2
586,4,Nam tristique tortor eu pede.,34666 Blackbird Point,4
587,1,Donec ut dolor. Morbi vel lectus in quam fringilla rhoncus.,40 Bowman Road,1
588,3,Vivamus in felis eu sapien cursus vestibulum. Proin eu mi.,924 Scofield Center,2
589,3,Pellentesque viverra pede ac diam.,0 Merchant Parkway,2
590,3,Nam dui.,1 Toban Street,1
591,4,Morbi non lectus.,2 Grayhawk Drive,1
592,3,In sagittis dui vel nisl. Duis ac nibh.,94413 Moulton Lane,3
593,1,Etiam pretium iaculis justo. In hac habitasse platea dictumst.,33030 Lighthouse Bay Point,4
594,2,Nulla suscipit ligula in lacus. Curabitur at ipsum ac tellus semper interdum.,91892 International Terrace,2
595,2,"Duis bibendum, felis sed interdum venenatis, turpis enim blandit mi, in porttitor pede justo eu massa. Donec dapibus.",2 4th Trail,2
596,2,"Morbi ut odio. Cras mi pede, malesuada in, imperdiet et, commodo vulputate, justo.",7292 Holy Cross Drive,4
597,5,Aliquam non mauris. Morbi non lectus.,6379 Nancy Junction,4
598,1,"Quisque erat eros, viverra eget, congue eget, semper rutrum, nulla. Nunc purus.",5061 Annamark Crossing,3
599,3,Duis mattis egestas metus. Aenean fermentum.,1392 Farmco Hill,1
600,1,"Donec ut mauris eget massa tempor convallis. Nulla neque libero, convallis eget, eleifend luctus, ultricies eu, nibh.",908 Upham Terrace,4
601,2,Mauris lacinia sapien quis libero. Nullam sit amet turpis elementum ligula vehicula consequat.,4 Graceland Trail,4
602,5,Quisque porta volutpat erat.,0 Sherman Court,2
603,4,Mauris sit amet eros.,3645 Mallory Center,1
604,5,Nulla tempus. Vivamus in felis eu sapien cursus vestibulum.,4545 Clemons Drive,4
605,1,"Lorem ipsum dolor sit amet, consectetuer adipiscing elit. Proin interdum mauris non ligula pellentesque ultrices.",02 Heath Trail,3
606,3,"In est risus, auctor sed, tristique in, tempus sit amet, sem.",99 Sachs Hill,3
607,5,"Nunc nisl. Duis bibendum, felis sed interdum venenatis, turpis enim blandit mi, in porttitor pede justo eu massa.",046 Alpine Street,2
608,1,"In est risus, auctor sed, tristique in, tempus sit amet, sem.",39 Corben Crossing,2
609,2,Pellentesque at nulla.,32731 Melvin Plaza,4
610,5,"Vivamus metus arcu, adipiscing molestie, hendrerit at, vulputate vitae, nisl.",30916 Marcy Drive,2
611,1,Duis at velit eu est congue elementum. In hac habitasse platea dictumst.,5234 Luster Crossing,2
612,2,Duis ac nibh.,16 Oak Place,2
613,5,"Lorem ipsum dolor sit amet, consectetuer adipiscing elit. Proin interdum mauris non ligula pellentesque ultrices.",898 Susan Road,3
614,4,Nullam porttitor lacus at turpis.,4388 Melrose Court,1
615,1,"Fusce posuere felis sed lacus. Morbi sem mauris, laoreet ut, rhoncus aliquet, pulvinar sed, nisl.",35302 Forest Dale Parkway,1
616,2,"Nam nulla. Integer pede justo, lacinia eget, tincidunt eget, tempus vel, pede.",98491 Donald Trail,2
617,4,"Donec diam neque, vestibulum eget, vulputate ut, ultrices vel, augue.",9 Old Shore Trail,1
618,2,Ut at dolor quis odio consequat varius.,732 Bonner Point,1
619,4,Phasellus sit amet erat. Nulla tempus.,8115 Rigney Street,1
620,5,Vivamus vestibulum sagittis sapien.,0925 Brown Lane,2
621,4,Etiam pretium iaculis justo.,3 Roxbury Place,4
622,5,"In tempor, turpis nec euismod scelerisque, quam turpis adipiscing lorem, vitae mattis nibh ligula nec sem. Duis aliquam convallis nunc.",86858 Roxbury Hill,4
623,3,Vestibulum sed magna at nunc commodo placerat.,944 Ilene Road,2
624,4,"Nam congue, risus semper porta volutpat, quam pede lobortis ligula, sit amet eleifend pede libero quis orci. Nullam molestie nibh in lectus.",4 Warner Parkway,2
625,3,Vestibulum ante ipsum primis in faucibus orci luctus et ultrices posuere cubilia Curae; Mauris viverra diam vitae quam.,3236 Stang Parkway,3
626,5,Mauris sit amet eros. Suspendisse accumsan tortor quis turpis.,2594 Roxbury Pass,4
627,5,Nullam porttitor lacus at turpis.,376 Memorial Lane,1
628,4,"Vestibulum quam sapien, varius ut, blandit non, interdum in, ante.",7587 Prairie Rose Terrace,3
629,5,"In hac habitasse platea dictumst. Aliquam augue quam, sollicitudin vitae, consectetuer eget, rutrum at, lorem.",8 Canary Center,3
630,5,"Aliquam sit amet diam in magna bibendum imperdiet. Nullam orci pede, venenatis non, sodales sed, tincidunt eu, felis.",3903 Ridgeview Place,4
631,5,In blandit ultrices enim.,4 Milwaukee Crossing,2
632,3,Vestibulum ante ipsum primis in faucibus orci luctus et ultrices posuere cubilia Curae; Duis faucibus accumsan odio.,7 Springview Court,1
633,1,Nulla justo.,285 Gina Park,4
634,3,Maecenas tincidunt lacus at velit.,74 Ryan Hill,2
635,2,Vestibulum ante ipsum primis in faucibus orci luctus et ultrices posuere cubilia Curae; Nulla dapibus dolor vel est.,251 3rd Lane,1
636,3,Nullam varius.,1 Grasskamp Lane,4
637,5,Etiam justo. Etiam pretium iaculis justo.,51109 Westend Avenue,4
638,5,Praesent id massa id nisl venenatis lacinia. Aenean sit amet justo.,71681 Kennedy Crossing,3
639,3,"Nam ultrices, libero non mattis pulvinar, nulla pede ullamcorper augue, a suscipit nulla elit ac nulla. Sed vel enim sit amet nunc viverra dapibus.",115 Harbort Plaza,3
640,2,Nullam porttitor lacus at turpis.,94 Shopko Point,2
641,4,Donec posuere metus vitae ipsum.,6 Mayfield Parkway,3
642,1,Nulla suscipit ligula in lacus.,72000 Del Mar Road,4
643,4,"Integer pede justo, lacinia eget, tincidunt eget, tempus vel, pede. Morbi porttitor lorem id ligula.",0867 Stephen Trail,4
644,4,Quisque ut erat.,16115 Manufacturers Junction,3
645,2,"In hac habitasse platea dictumst. Aliquam augue quam, sollicitudin vitae, consectetuer eget, rutrum at, lorem.",59836 Badeau Lane,4
646,4,Curabitur gravida nisi at nibh. In hac habitasse platea dictumst.,31115 Mitchell Terrace,2
647,4,Nulla tellus.,1 Kings Junction,4
648,1,"Donec diam neque, vestibulum eget, vulputate ut, ultrices vel, augue. Vestibulum ante ipsum primis in faucibus orci luctus et ultrices posuere cubilia Curae; Donec pharetra, magna vestibulum aliquet ultrices, erat tortor sollicitudin mi, sit amet lobortis sapien sapien non mi.",545 Westend Way,4
649,1,Suspendisse potenti.,00 Pennsylvania Terrace,1
650,2,"Morbi vel lectus in quam fringilla rhoncus. Mauris enim leo, rhoncus sed, vestibulum sit amet, cursus id, turpis.",8 Larry Center,4
651,2,Nullam molestie nibh in lectus.,3 Lillian Street,1
652,1,Mauris ullamcorper purus sit amet nulla.,222 Lakewood Center,4
653,4,Morbi non quam nec dui luctus rutrum.,7 Reinke Plaza,1
654,2,Phasellus in felis.,64 Ludington Hill,1
655,4,Nullam sit amet turpis elementum ligula vehicula consequat. Morbi a ipsum.,2059 Packers Point,3
656,4,Duis at velit eu est congue elementum. In hac habitasse platea dictumst.,9 Kenwood Circle,3
657,3,Nullam varius. Nulla facilisi.,31 Buell Court,3
658,4,Aliquam sit amet diam in magna bibendum imperdiet.,038 Johnson Hill,3
659,1,Nullam porttitor lacus at turpis.,20 Old Shore Plaza,1
660,4,Vestibulum ante ipsum primis in faucibus orci luctus et ultrices posuere cubilia Curae; Nulla dapibus dolor vel est.,5040 Weeping Birch Avenue,4
661,4,In eleifend quam a odio.,417 Judy Alley,4
662,5,Vestibulum ante ipsum primis in faucibus orci luctus et ultrices posuere cubilia Curae; Duis faucibus accumsan odio.,65 Coleman Park,2
663,4,Suspendisse potenti. Nullam porttitor lacus at turpis.,8285 Ridgeway Terrace,4
664,1,Nullam molestie nibh in lectus. Pellentesque at nulla.,1219 Cottonwood Court,4
665,4,Suspendisse potenti.,55656 Drewry Terrace,4
666,5,Cras non velit nec nisi vulputate nonummy.,63336 Vernon Hill,3
667,4,Proin risus. Praesent lectus.,2605 Evergreen Avenue,1
668,4,"Fusce lacus purus, aliquet at, feugiat non, pretium quis, lectus. Suspendisse potenti.",99 Mitchell Lane,4
669,2,Nulla tellus.,91 Eggendart Center,2
670,2,Etiam faucibus cursus urna. Ut tellus.,3169 Reinke Drive,3
671,2,"Proin leo odio, porttitor id, consequat in, consequat ut, nulla.",9 Darwin Drive,1
672,3,Ut tellus.,44672 Hoepker Point,3
673,3,Curabitur in libero ut massa volutpat convallis.,8 Loomis Terrace,1
674,1,Fusce consequat. Nulla nisl.,88926 Waxwing Crossing,4
675,5,Praesent id massa id nisl venenatis lacinia.,595 Kinsman Parkway,4
676,4,Suspendisse accumsan tortor quis turpis.,66413 Katie Hill,4
677,5,Integer tincidunt ante vel ipsum.,863 Atwood Crossing,1
678,2,Nulla suscipit ligula in lacus.,49 Vahlen Hill,3
679,1,Vivamus in felis eu sapien cursus vestibulum.,9418 Anniversary Avenue,4
680,1,Sed sagittis.,883 American Lane,2
681,1,"Mauris enim leo, rhoncus sed, vestibulum sit amet, cursus id, turpis. Integer aliquet, massa id lobortis convallis, tortor risus dapibus augue, vel accumsan tellus nisi eu orci.",720 Schiller Place,2
682,2,Praesent blandit lacinia erat. Vestibulum sed magna at nunc commodo placerat.,27703 Derek Terrace,4
683,1,Nulla tellus.,28 Sullivan Terrace,4
684,2,"Nulla neque libero, convallis eget, eleifend luctus, ultricies eu, nibh. Quisque id justo sit amet sapien dignissim vestibulum.",35 Prairie Rose Circle,1
685,4,Curabitur in libero ut massa volutpat convallis.,97 Northfield Place,2
686,1,"Vestibulum ante ipsum primis in faucibus orci luctus et ultrices posuere cubilia Curae; Donec pharetra, magna vestibulum aliquet ultrices, erat tortor sollicitudin mi, sit amet lobortis sapien sapien non mi.",597 Kensington Drive,1
687,3,"Aliquam sit amet diam in magna bibendum imperdiet. Nullam orci pede, venenatis non, sodales sed, tincidunt eu, felis.",05 Butternut Hill,2
688,1,Nulla ac enim.,72838 Hansons Pass,1
689,2,Aenean fermentum.,04545 Porter Pass,2
690,5,Phasellus sit amet erat. Nulla tempus.,2223 Artisan Drive,3
691,2,"Nam nulla. Integer pede justo, lacinia eget, tincidunt eget, tempus vel, pede.",7 Moulton Lane,1
692,4,"Integer aliquet, massa id lobortis convallis, tortor risus dapibus augue, vel accumsan tellus nisi eu orci. Mauris lacinia sapien quis libero.",798 Maple Wood Place,3
693,1,"Cras mi pede, malesuada in, imperdiet et, commodo vulputate, justo. In blandit ultrices enim.",0 Laurel Street,4
694,2,"Morbi vel lectus in quam fringilla rhoncus. Mauris enim leo, rhoncus sed, vestibulum sit amet, cursus id, turpis.",59680 Hauk Parkway,4
695,2,Praesent blandit lacinia erat.,02387 South Junction,1
696,3,Morbi non lectus. Aliquam sit amet diam in magna bibendum imperdiet.,6251 Ramsey Place,1
697,3,Aenean sit amet justo. Morbi ut odio.,55656 Graceland Place,2
698,2,In hac habitasse platea dictumst. Etiam faucibus cursus urna.,0 La Follette Terrace,1
699,3,Donec ut mauris eget massa tempor convallis.,50 Prentice Alley,1
700,5,Praesent blandit.,384 Prentice Lane,4
701,2,Maecenas tincidunt lacus at velit. Vivamus vel nulla eget eros elementum pellentesque.,75104 Farwell Avenue,2
702,1,Morbi non quam nec dui luctus rutrum.,5306 Westport Alley,1
703,1,Nullam porttitor lacus at turpis. Donec posuere metus vitae ipsum.,96 Cody Avenue,1
704,5,Curabitur gravida nisi at nibh. In hac habitasse platea dictumst.,123 Welch Plaza,4
705,2,Sed ante. Vivamus tortor.,52961 Goodland Circle,1
706,2,Maecenas rhoncus aliquam lacus. Morbi quis tortor id nulla ultrices aliquet.,95 Lake View Lane,4
707,5,Pellentesque viverra pede ac diam.,37876 Hallows Place,3
708,4,Morbi quis tortor id nulla ultrices aliquet.,016 Jana Junction,2
709,5,"Mauris enim leo, rhoncus sed, vestibulum sit amet, cursus id, turpis.",5 Delladonna Drive,4
710,2,Pellentesque eget nunc. Donec quis orci eget orci vehicula condimentum.,8 Muir Plaza,3
711,4,Vestibulum ante ipsum primis in faucibus orci luctus et ultrices posuere cubilia Curae; Duis faucibus accumsan odio. Curabitur convallis.,83418 Pleasure Center,4
712,5,Cras non velit nec nisi vulputate nonummy. Maecenas tincidunt lacus at velit.,9 Graceland Terrace,4
713,2,"Nam congue, risus semper porta volutpat, quam pede lobortis ligula, sit amet eleifend pede libero quis orci.",9680 Blaine Drive,3
714,2,Duis bibendum.,8 Green Plaza,4
715,5,"Nullam orci pede, venenatis non, sodales sed, tincidunt eu, felis.",00 Russell Plaza,3
716,1,Vestibulum sed magna at nunc commodo placerat.,1 Heffernan Street,2
717,1,Maecenas tincidunt lacus at velit. Vivamus vel nulla eget eros elementum pellentesque.,0 Surrey Drive,1
718,4,Donec posuere metus vitae ipsum. Aliquam non mauris.,51406 Dorton Parkway,1
719,4,"Morbi odio odio, elementum eu, interdum eu, tincidunt in, leo. Maecenas pulvinar lobortis est.",773 Dovetail Point,4
720,3,In hac habitasse platea dictumst.,03081 Carpenter Park,2
721,3,Pellentesque at nulla. Suspendisse potenti.,43 Havey Avenue,1
722,5,Nullam porttitor lacus at turpis. Donec posuere metus vitae ipsum.,54 Hagan Pass,3
723,2,Integer tincidunt ante vel ipsum. Praesent blandit lacinia erat.,7 Fair Oaks Park,1
724,2,Pellentesque eget nunc.,69 Russell Street,1
725,5,Mauris lacinia sapien quis libero.,02 Harbort Road,1
726,4,"Morbi sem mauris, laoreet ut, rhoncus aliquet, pulvinar sed, nisl. Nunc rhoncus dui vel sem.",3 Macpherson Lane,4
727,2,Duis bibendum.,29 Bunker Hill Lane,2
728,5,Etiam faucibus cursus urna. Ut tellus.,4 Schurz Way,1
729,3,Duis aliquam convallis nunc. Proin at turpis a pede posuere nonummy.,99 Nancy Center,1
730,3,Mauris sit amet eros.,1 Hudson Crossing,3
731,3,Nullam porttitor lacus at turpis. Donec posuere metus vitae ipsum.,3 Grim Lane,3
732,5,"Nam dui. Proin leo odio, porttitor id, consequat in, consequat ut, nulla.",818 David Parkway,3
733,2,Donec ut dolor. Morbi vel lectus in quam fringilla rhoncus.,114 Hoard Point,3
734,3,"Lorem ipsum dolor sit amet, consectetuer adipiscing elit. Proin risus.",199 Del Mar Parkway,4
735,2,Morbi non quam nec dui luctus rutrum.,4 Kensington Plaza,4
736,2,"In tempor, turpis nec euismod scelerisque, quam turpis adipiscing lorem, vitae mattis nibh ligula nec sem.",553 Killdeer Drive,4
737,5,Nulla tellus. In sagittis dui vel nisl.,510 Derek Pass,1
738,4,"Maecenas tristique, est et tempus semper, est quam pharetra magna, ac consequat metus sapien ut nunc.",531 Sage Circle,3
739,5,Mauris lacinia sapien quis libero. Nullam sit amet turpis elementum ligula vehicula consequat.,68455 Elka Point,1
740,4,Phasellus id sapien in sapien iaculis congue.,50 Kim Way,3
741,1,"Maecenas leo odio, condimentum id, luctus nec, molestie sed, justo.",838 Prairie Rose Way,3
742,4,Nunc rhoncus dui vel sem.,143 Buena Vista Circle,1
743,2,Praesent blandit. Nam nulla.,46 Comanche Drive,1
744,4,Duis mattis egestas metus. Aenean fermentum.,01655 Rowland Lane,4
745,4,Nulla suscipit ligula in lacus. Curabitur at ipsum ac tellus semper interdum.,5726 High Crossing Junction,4
746,5,"Lorem ipsum dolor sit amet, consectetuer adipiscing elit.",93295 Forest Run Lane,4
747,5,"In est risus, auctor sed, tristique in, tempus sit amet, sem. Fusce consequat.",06730 Springview Junction,1
748,1,In hac habitasse platea dictumst. Etiam faucibus cursus urna.,676 Cascade Center,2
749,3,Donec dapibus.,771 Parkside Crossing,3
750,2,"In est risus, auctor sed, tristique in, tempus sit amet, sem.",00 Donald Terrace,1
751,5,"Cum sociis natoque penatibus et magnis dis parturient montes, nascetur ridiculus mus. Vivamus vestibulum sagittis sapien.",206 Karstens Lane,3
752,5,Proin interdum mauris non ligula pellentesque ultrices. Phasellus id sapien in sapien iaculis congue.,6045 Superior Lane,4
753,4,"Fusce lacus purus, aliquet at, feugiat non, pretium quis, lectus. Suspendisse potenti.",430 Randy Junction,4
754,3,Pellentesque viverra pede ac diam.,34 Melody Terrace,1
755,5,Sed vel enim sit amet nunc viverra dapibus.,76 Montana Crossing,3
756,2,Suspendisse potenti. Cras in purus eu magna vulputate luctus.,52759 Golf Course Parkway,4
757,5,Phasellus sit amet erat.,7 Southridge Drive,4
758,5,"Integer aliquet, massa id lobortis convallis, tortor risus dapibus augue, vel accumsan tellus nisi eu orci.",38 Jackson Center,1
759,3,"Cras mi pede, malesuada in, imperdiet et, commodo vulputate, justo. In blandit ultrices enim.",98 Grayhawk Lane,4
760,5,Vivamus tortor.,46024 Union Street,2
761,3,Quisque id justo sit amet sapien dignissim vestibulum.,205 Merry Avenue,4
762,5,Aliquam non mauris. Morbi non lectus.,67805 Susan Circle,4
763,4,Suspendisse potenti. Nullam porttitor lacus at turpis.,8 Sage Alley,2
764,2,"Duis bibendum, felis sed interdum venenatis, turpis enim blandit mi, in porttitor pede justo eu massa. Donec dapibus.",5 Moland Park,2
765,3,Donec vitae nisi.,2326 Blue Bill Park Lane,3
766,2,Etiam justo. Etiam pretium iaculis justo.,3 Pawling Circle,3
767,4,Ut tellus.,7654 Hintze Pass,3
768,2,"Vestibulum quam sapien, varius ut, blandit non, interdum in, ante.",8 Cordelia Place,3
769,5,Nulla facilisi. Cras non velit nec nisi vulputate nonummy.,5825 Summerview Drive,2
770,2,Suspendisse accumsan tortor quis turpis.,8046 Lakeland Place,4
771,5,In sagittis dui vel nisl.,3192 Coolidge Street,2
772,5,"Morbi vestibulum, velit id pretium iaculis, diam erat fermentum justo, nec condimentum neque sapien placerat ante. Nulla justo.",7 Onsgard Alley,1
773,4,Vestibulum sed magna at nunc commodo placerat.,04496 Mcguire Center,3
774,2,"Cum sociis natoque penatibus et magnis dis parturient montes, nascetur ridiculus mus. Vivamus vestibulum sagittis sapien.",61 1st Trail,2
775,2,Suspendisse potenti. Nullam porttitor lacus at turpis.,34 Sachtjen Avenue,1
776,2,"Cum sociis natoque penatibus et magnis dis parturient montes, nascetur ridiculus mus.",3 Drewry Avenue,4
777,1,Vestibulum rutrum rutrum neque. Aenean auctor gravida sem.,28 Nova Point,3
778,2,"Quisque erat eros, viverra eget, congue eget, semper rutrum, nulla.",8 Delaware Crossing,4
779,3,"Morbi ut odio. Cras mi pede, malesuada in, imperdiet et, commodo vulputate, justo.",13 Basil Way,2
780,4,Etiam justo. Etiam pretium iaculis justo.,21434 Shelley Avenue,2
781,3,Nulla ut erat id mauris vulputate elementum.,4 Mesta Hill,3
782,4,"Nam congue, risus semper porta volutpat, quam pede lobortis ligula, sit amet eleifend pede libero quis orci. Nullam molestie nibh in lectus.",47 Dwight Junction,4
783,2,Praesent lectus.,942 Dryden Hill,2
784,4,Morbi non lectus. Aliquam sit amet diam in magna bibendum imperdiet.,74603 Iowa Way,2
785,1,"Duis ac nibh. Fusce lacus purus, aliquet at, feugiat non, pretium quis, lectus.",693 Washington Drive,3
786,5,Integer tincidunt ante vel ipsum.,73278 Talmadge Avenue,1
787,5,Maecenas tincidunt lacus at velit.,563 Sage Court,1
788,5,Sed sagittis.,123 Paget Plaza,3
789,4,Donec dapibus.,3 Dawn Avenue,2
790,4,"Quisque arcu libero, rutrum ac, lobortis vel, dapibus at, diam.",5 Bowman Junction,1
791,1,"Cras in purus eu magna vulputate luctus. Cum sociis natoque penatibus et magnis dis parturient montes, nascetur ridiculus mus.",4 Debs Circle,1
792,5,Integer non velit.,840 Corscot Terrace,4
793,4,Aliquam erat volutpat. In congue.,288 Macpherson Junction,3
794,5,"Donec diam neque, vestibulum eget, vulputate ut, ultrices vel, augue. Vestibulum ante ipsum primis in faucibus orci luctus et ultrices posuere cubilia Curae; Donec pharetra, magna vestibulum aliquet ultrices, erat tortor sollicitudin mi, sit amet lobortis sapien sapien non mi.",58 Namekagon Point,2
795,5,Etiam pretium iaculis justo.,036 Heath Alley,4
796,1,Integer tincidunt ante vel ipsum. Praesent blandit lacinia erat.,08877 Moland Park,2
797,5,"In est risus, auctor sed, tristique in, tempus sit amet, sem.",7714 Mesta Avenue,1
798,5,Ut tellus.,920 Sutteridge Drive,4
799,5,Quisque ut erat.,88 Fuller Plaza,4
800,4,Proin eu mi. Nulla ac enim.,303 Bluejay Junction,2
801,4,Maecenas rhoncus aliquam lacus.,70287 Pepper Wood Hill,4
802,2,"Donec diam neque, vestibulum eget, vulputate ut, ultrices vel, augue.",00 Stone Corner Park,3
803,5,Curabitur convallis.,489 Jay Lane,1
804,3,Duis aliquam convallis nunc. Proin at turpis a pede posuere nonummy.,09 Westport Parkway,2
805,1,Vivamus in felis eu sapien cursus vestibulum. Proin eu mi.,3 Eliot Circle,4
806,3,Nunc purus. Phasellus in felis.,79 Gale Street,4
807,5,"Lorem ipsum dolor sit amet, consectetuer adipiscing elit.",277 Sullivan Lane,2
808,1,"Integer pede justo, lacinia eget, tincidunt eget, tempus vel, pede. Morbi porttitor lorem id ligula.",52203 Jenifer Park,4
809,1,Aliquam non mauris.,95 Pearson Lane,3
810,1,"Fusce congue, diam id ornare imperdiet, sapien urna pretium nisl, ut volutpat sapien arcu sed augue.",5470 Warbler Crossing,2
811,2,Maecenas ut massa quis augue luctus tincidunt.,116 Badeau Crossing,3
812,3,"Praesent lectus. Vestibulum quam sapien, varius ut, blandit non, interdum in, ante.",43 Northfield Way,2
813,3,Cras non velit nec nisi vulputate nonummy. Maecenas tincidunt lacus at velit.,220 Summerview Drive,2
814,5,Nulla nisl. Nunc nisl.,724 Myrtle Plaza,4
815,2,Aliquam erat volutpat.,1161 Pine View Court,4
816,1,"Mauris ullamcorper purus sit amet nulla. Quisque arcu libero, rutrum ac, lobortis vel, dapibus at, diam.",765 Holmberg Parkway,2
817,5,Proin eu mi. Nulla ac enim.,45 Sommers Crossing,1
818,4,"Cras mi pede, malesuada in, imperdiet et, commodo vulputate, justo. In blandit ultrices enim.",7420 Westerfield Plaza,2
819,1,Proin eu mi. Nulla ac enim.,6969 Artisan Terrace,1
820,3,"Proin leo odio, porttitor id, consequat in, consequat ut, nulla.",0273 Moose Point,4
821,1,"Morbi sem mauris, laoreet ut, rhoncus aliquet, pulvinar sed, nisl. Nunc rhoncus dui vel sem.",68 Leroy Junction,3
822,5,In hac habitasse platea dictumst. Etiam faucibus cursus urna.,272 Kropf Street,1
823,4,"Donec diam neque, vestibulum eget, vulputate ut, ultrices vel, augue.",5344 Riverside Hill,4
824,4,Etiam justo.,159 Welch Parkway,3
825,1,Nunc nisl.,01 Ludington Terrace,2
826,5,Vestibulum ac est lacinia nisi venenatis tristique.,9 Thierer Street,4
827,2,Aenean lectus.,116 Pepper Wood Trail,1
828,5,Mauris ullamcorper purus sit amet nulla.,83005 Paget Pass,3
829,1,Maecenas pulvinar lobortis est. Phasellus sit amet erat.,77 Springview Pass,3
830,2,Proin eu mi.,9432 Doe Crossing Point,2
831,5,"Vestibulum ante ipsum primis in faucibus orci luctus et ultrices posuere cubilia Curae; Nulla dapibus dolor vel est. Donec odio justo, sollicitudin ut, suscipit a, feugiat et, eros.",5 Eliot Way,1
832,3,Proin at turpis a pede posuere nonummy. Integer non velit.,614 Bobwhite Terrace,1
833,1,"Lorem ipsum dolor sit amet, consectetuer adipiscing elit.",3324 Spaight Alley,2
834,3,Nam dui.,35121 Ronald Regan Terrace,4
835,3,Duis bibendum. Morbi non quam nec dui luctus rutrum.,9 Atwood Road,1
836,2,Duis at velit eu est congue elementum.,7946 Colorado Drive,4
837,5,Integer ac neque.,5470 Lyons Terrace,4
838,5,In hac habitasse platea dictumst.,6 Holmberg Center,2
839,2,Sed ante. Vivamus tortor.,6 Banding Alley,2
840,2,Mauris sit amet eros. Suspendisse accumsan tortor quis turpis.,435 Springs Street,3
841,5,Aenean fermentum. Donec ut mauris eget massa tempor convallis.,43810 Redwing Park,4
842,5,"Quisque arcu libero, rutrum ac, lobortis vel, dapibus at, diam. Nam tristique tortor eu pede.",86 Prairie Rose Hill,3
843,1,Proin risus. Praesent lectus.,01063 Schmedeman Junction,1
844,5,Mauris sit amet eros.,220 Milwaukee Pass,3
845,2,Praesent blandit lacinia erat.,4 Homewood Junction,2
846,5,Aliquam non mauris. Morbi non lectus.,03622 Maywood Circle,4
847,3,Maecenas rhoncus aliquam lacus.,69 Dakota Circle,1
848,4,Integer tincidunt ante vel ipsum.,87 Dawn Circle,2
849,5,"Donec diam neque, vestibulum eget, vulputate ut, ultrices vel, augue. Vestibulum ante ipsum primis in faucibus orci luctus et ultrices posuere cubilia Curae; Donec pharetra, magna vestibulum aliquet ultrices, erat tortor sollicitudin mi, sit amet lobortis sapien sapien non mi.",8080 Melrose Hill,4
850,5,Donec semper sapien a libero. Nam dui.,5 Loftsgordon Parkway,1
851,2,"Aliquam augue quam, sollicitudin vitae, consectetuer eget, rutrum at, lorem.",772 Carberry Plaza,4
852,2,Nulla tempus.,785 Merrick Alley,4
853,4,Nulla tempus.,184 Fulton Street,4
854,5,Suspendisse potenti.,7394 Cascade Park,2
855,5,Morbi a ipsum. Integer a nibh.,545 Hoard Road,4
856,4,Suspendisse potenti. Cras in purus eu magna vulputate luctus.,2506 Brentwood Alley,1
857,4,Aenean lectus.,2 Cascade Place,2
858,4,Fusce consequat. Nulla nisl.,7459 Pennsylvania Junction,4
859,2,"Cras pellentesque volutpat dui. Maecenas tristique, est et tempus semper, est quam pharetra magna, ac consequat metus sapien ut nunc.",5444 Doe Crossing Place,3
860,1,"Maecenas tristique, est et tempus semper, est quam pharetra magna, ac consequat metus sapien ut nunc.",2 Porter Plaza,3
861,4,"Mauris ullamcorper purus sit amet nulla. Quisque arcu libero, rutrum ac, lobortis vel, dapibus at, diam.",4105 Vera Junction,1
862,3,Vestibulum ante ipsum primis in faucibus orci luctus et ultrices posuere cubilia Curae; Mauris viverra diam vitae quam.,5 Old Shore Junction,3
863,3,"Maecenas tristique, est et tempus semper, est quam pharetra magna, ac consequat metus sapien ut nunc. Vestibulum ante ipsum primis in faucibus orci luctus et ultrices posuere cubilia Curae; Mauris viverra diam vitae quam.",0 Rusk Lane,1
864,3,Nulla mollis molestie lorem. Quisque ut erat.,998 Sage Point,3
865,5,Cras non velit nec nisi vulputate nonummy. Maecenas tincidunt lacus at velit.,248 Rieder Plaza,3
866,5,Ut at dolor quis odio consequat varius. Integer ac leo.,0 Carioca Circle,1
867,3,Quisque id justo sit amet sapien dignissim vestibulum. Vestibulum ante ipsum primis in faucibus orci luctus et ultrices posuere cubilia Curae; Nulla dapibus dolor vel est.,5 Lerdahl Park,3
868,3,Vestibulum rutrum rutrum neque.,32242 Carioca Alley,3
869,3,Integer tincidunt ante vel ipsum. Praesent blandit lacinia erat.,965 1st Crossing,3
870,1,Quisque id justo sit amet sapien dignissim vestibulum.,52934 Westridge Alley,2
871,5,Curabitur at ipsum ac tellus semper interdum. Mauris ullamcorper purus sit amet nulla.,75 Sommers Lane,3
872,5,Morbi non lectus. Aliquam sit amet diam in magna bibendum imperdiet.,407 Kennedy Street,3
873,3,Donec ut mauris eget massa tempor convallis.,4 Kingsford Crossing,3
874,1,Donec dapibus. Duis at velit eu est congue elementum.,304 5th Alley,1
875,2,"Aliquam augue quam, sollicitudin vitae, consectetuer eget, rutrum at, lorem. Integer tincidunt ante vel ipsum.",6916 Chive Parkway,2
876,2,"Donec diam neque, vestibulum eget, vulputate ut, ultrices vel, augue. Vestibulum ante ipsum primis in faucibus orci luctus et ultrices posuere cubilia Curae; Donec pharetra, magna vestibulum aliquet ultrices, erat tortor sollicitudin mi, sit amet lobortis sapien sapien non mi.",8421 North Drive,1
877,5,Sed vel enim sit amet nunc viverra dapibus. Nulla suscipit ligula in lacus.,717 Trailsway Terrace,3
878,5,Sed sagittis.,39341 Lakeland Parkway,2
879,3,Morbi non lectus. Aliquam sit amet diam in magna bibendum imperdiet.,443 Namekagon Parkway,2
880,2,Nulla facilisi.,8958 Upham Junction,1
881,4,Nullam varius. Nulla facilisi.,5 American Ash Crossing,1
882,4,"Nam congue, risus semper porta volutpat, quam pede lobortis ligula, sit amet eleifend pede libero quis orci. Nullam molestie nibh in lectus.",9 Oneill Circle,2
883,5,"Morbi vestibulum, velit id pretium iaculis, diam erat fermentum justo, nec condimentum neque sapien placerat ante. Nulla justo.",6603 Eagle Crest Crossing,1
884,3,Aliquam quis turpis eget elit sodales scelerisque.,562 Almo Terrace,2
885,2,Integer a nibh. In quis justo.,18 Spohn Street,3
886,4,"Aliquam augue quam, sollicitudin vitae, consectetuer eget, rutrum at, lorem. Integer tincidunt ante vel ipsum.",7 Mosinee Crossing,4
887,1,Maecenas pulvinar lobortis est. Phasellus sit amet erat.,87149 Caliangt Street,2
888,5,Curabitur in libero ut massa volutpat convallis.,08343 Claremont Lane,2
889,2,In congue. Etiam justo.,000 Ludington Avenue,3
890,4,Donec ut dolor. Morbi vel lectus in quam fringilla rhoncus.,47 Kim Crossing,3
891,3,Sed ante. Vivamus tortor.,6 Tomscot Crossing,2
892,4,"Quisque erat eros, viverra eget, congue eget, semper rutrum, nulla.",9136 Barnett Avenue,2
893,3,Duis aliquam convallis nunc.,81809 Bellgrove Center,4
894,3,"Vestibulum ante ipsum primis in faucibus orci luctus et ultrices posuere cubilia Curae; Donec pharetra, magna vestibulum aliquet ultrices, erat tortor sollicitudin mi, sit amet lobortis sapien sapien non mi. Integer ac neque.",370 Carioca Plaza,2
895,1,Sed ante.,76847 Colorado Alley,4
896,3,Quisque ut erat.,8 Armistice Parkway,3
897,5,Fusce posuere felis sed lacus.,9 Rockefeller Park,4
898,5,"Quisque arcu libero, rutrum ac, lobortis vel, dapibus at, diam.",4 Westridge Lane,4
899,3,Morbi non quam nec dui luctus rutrum. Nulla tellus.,31 International Junction,4
900,2,Suspendisse accumsan tortor quis turpis.,286 Artisan Crossing,2
901,5,Nulla ut erat id mauris vulputate elementum. Nullam varius.,2115 Dorton Lane,3
902,2,"In blandit ultrices enim. Lorem ipsum dolor sit amet, consectetuer adipiscing elit.",5667 Northland Place,1
903,5,Duis mattis egestas metus. Aenean fermentum.,42665 Old Shore Avenue,3
904,4,"In est risus, auctor sed, tristique in, tempus sit amet, sem. Fusce consequat.",5591 Duke Center,4
905,3,Aliquam erat volutpat.,58 Summer Ridge Alley,2
906,1,Curabitur in libero ut massa volutpat convallis.,84 Ridgeview Point,2
907,1,Aenean auctor gravida sem.,265 Summer Ridge Place,3
908,2,Etiam pretium iaculis justo. In hac habitasse platea dictumst.,195 Longview Point,4
909,4,Aliquam quis turpis eget elit sodales scelerisque. Mauris sit amet eros.,43374 Gulseth Junction,1
910,3,"In est risus, auctor sed, tristique in, tempus sit amet, sem. Fusce consequat.",20 Eastlawn Road,2
911,5,Aenean sit amet justo. Morbi ut odio.,55 Stoughton Pass,4
912,5,Vivamus tortor. Duis mattis egestas metus.,28 Forest Dale Alley,3
913,3,Morbi vel lectus in quam fringilla rhoncus.,2 Sherman Trail,1
914,2,"Vestibulum quam sapien, varius ut, blandit non, interdum in, ante. Vestibulum ante ipsum primis in faucibus orci luctus et ultrices posuere cubilia Curae; Duis faucibus accumsan odio.",3825 Elmside Lane,3
915,3,Nullam varius. Nulla facilisi.,2268 Crowley Center,1
916,2,Pellentesque at nulla.,0 Columbus Park,4
917,5,Nulla tempus.,448 Arkansas Street,3
918,4,Vestibulum ante ipsum primis in faucibus orci luctus et ultrices posuere cubilia Curae; Mauris viverra diam vitae quam. Suspendisse potenti.,58626 Prairieview Street,4
919,2,"Lorem ipsum dolor sit amet, consectetuer adipiscing elit.",40291 Thierer Road,2
920,5,"Fusce lacus purus, aliquet at, feugiat non, pretium quis, lectus. Suspendisse potenti.",5 Stang Street,1
921,3,Duis bibendum.,235 Eastlawn Lane,3
922,5,"Donec odio justo, sollicitudin ut, suscipit a, feugiat et, eros.",89805 Linden Point,1
923,4,Integer ac leo.,19 Kipling Street,2
924,3,Morbi non quam nec dui luctus rutrum. Nulla tellus.,599 Golf Course Crossing,1
925,1,"Integer aliquet, massa id lobortis convallis, tortor risus dapibus augue, vel accumsan tellus nisi eu orci. Mauris lacinia sapien quis libero.",843 Sloan Point,1
926,4,"Quisque arcu libero, rutrum ac, lobortis vel, dapibus at, diam. Nam tristique tortor eu pede.",8800 Springview Trail,4
927,5,Duis bibendum. Morbi non quam nec dui luctus rutrum.,654 Lukken Point,1
928,3,Nulla nisl.,67 Hollow Ridge Drive,4
929,4,Nulla ut erat id mauris vulputate elementum.,67 Texas Center,1
930,3,Morbi vel lectus in quam fringilla rhoncus.,2 Blaine Pass,2
931,2,Donec ut mauris eget massa tempor convallis.,41 Truax Place,2
932,4,Integer tincidunt ante vel ipsum.,4 Arrowood Center,1
933,4,Suspendisse accumsan tortor quis turpis. Sed ante.,908 Superior Drive,1
934,1,"Nullam orci pede, venenatis non, sodales sed, tincidunt eu, felis.",242 Jenifer Crossing,1
935,2,Duis consequat dui nec nisi volutpat eleifend.,4 Burrows Lane,1
936,3,Integer tincidunt ante vel ipsum. Praesent blandit lacinia erat.,0 Hazelcrest Way,4
937,3,Integer non velit.,881 Miller Circle,2
938,3,Suspendisse accumsan tortor quis turpis.,0966 Mcguire Pass,1
939,2,Fusce consequat. Nulla nisl.,2 Ruskin Point,3
940,3,"Curabitur in libero ut massa volutpat convallis. Morbi odio odio, elementum eu, interdum eu, tincidunt in, leo.",527 Moose Hill,1
941,1,In hac habitasse platea dictumst. Maecenas ut massa quis augue luctus tincidunt.,432 Bayside Crossing,2
942,3,"Morbi odio odio, elementum eu, interdum eu, tincidunt in, leo.",8028 Burning Wood Avenue,2
943,2,Phasellus id sapien in sapien iaculis congue.,7795 Maple Wood Plaza,2
944,4,Ut tellus.,565 Lyons Court,1
945,2,Nunc rhoncus dui vel sem. Sed sagittis.,18487 Trailsway Drive,2
946,1,Etiam faucibus cursus urna. Ut tellus.,27 Marcy Place,3
947,1,Integer ac leo.,055 Anzinger Street,2
948,4,Cras in purus eu magna vulputate luctus.,1930 Mendota Parkway,3
949,4,Fusce posuere felis sed lacus.,81 Northview Hill,2
950,3,Vestibulum sed magna at nunc commodo placerat. Praesent blandit.,0722 Mariners Cove Way,3
951,1,"Nam congue, risus semper porta volutpat, quam pede lobortis ligula, sit amet eleifend pede libero quis orci. Nullam molestie nibh in lectus.",9 Nelson Lane,2
952,2,"Duis bibendum, felis sed interdum venenatis, turpis enim blandit mi, in porttitor pede justo eu massa. Donec dapibus.",742 Johnson Road,1
953,2,"Proin leo odio, porttitor id, consequat in, consequat ut, nulla.",27482 Petterle Trail,2
954,5,Etiam pretium iaculis justo.,773 Autumn Leaf Place,2
955,2,Vestibulum ante ipsum primis in faucibus orci luctus et ultrices posuere cubilia Curae; Duis faucibus accumsan odio.,92231 Twin Pines Drive,3
956,2,Morbi a ipsum. Integer a nibh.,689 Hollow Ridge Alley,3
957,4,"Integer pede justo, lacinia eget, tincidunt eget, tempus vel, pede.",252 Kinsman Crossing,4
958,5,Morbi non lectus.,6 Cordelia Crossing,3
959,1,Fusce consequat. Nulla nisl.,57017 Straubel Court,3
960,4,"In hac habitasse platea dictumst. Morbi vestibulum, velit id pretium iaculis, diam erat fermentum justo, nec condimentum neque sapien placerat ante.",384 Bunker Hill Trail,4
961,3,Phasellus sit amet erat.,021 Heath Place,3
962,3,Quisque id justo sit amet sapien dignissim vestibulum.,58312 Birchwood Point,4
963,3,"Sed sagittis. Nam congue, risus semper porta volutpat, quam pede lobortis ligula, sit amet eleifend pede libero quis orci.",7 Roxbury Avenue,3
964,3,"Nam congue, risus semper porta volutpat, quam pede lobortis ligula, sit amet eleifend pede libero quis orci. Nullam molestie nibh in lectus.",0 Gale Crossing,4
965,1,Nulla mollis molestie lorem.,38 Menomonie Pass,4
966,3,"Lorem ipsum dolor sit amet, consectetuer adipiscing elit. Proin risus.",378 Village Alley,1
967,3,Vestibulum ac est lacinia nisi venenatis tristique.,5703 Dryden Way,2
968,4,In hac habitasse platea dictumst.,4 Kipling Hill,3
969,3,Sed accumsan felis. Ut at dolor quis odio consequat varius.,593 Miller Park,2
970,4,"Quisque arcu libero, rutrum ac, lobortis vel, dapibus at, diam. Nam tristique tortor eu pede.",69 Sutherland Pass,3
971,2,"Vestibulum ante ipsum primis in faucibus orci luctus et ultrices posuere cubilia Curae; Donec pharetra, magna vestibulum aliquet ultrices, erat tortor sollicitudin mi, sit amet lobortis sapien sapien non mi.",7 Lake View Place,1
972,5,Etiam justo.,6 John Wall Junction,1
973,1,Etiam vel augue. Vestibulum rutrum rutrum neque.,15 Merry Avenue,4
974,3,Curabitur convallis.,27 Bultman Park,4
975,2,Quisque id justo sit amet sapien dignissim vestibulum. Vestibulum ante ipsum primis in faucibus orci luctus et ultrices posuere cubilia Curae; Nulla dapibus dolor vel est.,92 Tennyson Terrace,4
976,5,"Nam nulla. Integer pede justo, lacinia eget, tincidunt eget, tempus vel, pede.",8765 Straubel Lane,2
977,4,Aliquam erat volutpat.,2595 Pond Road,2
978,5,Nam nulla.,0 Mandrake Trail,2
979,1,"Morbi vestibulum, velit id pretium iaculis, diam erat fermentum justo, nec condimentum neque sapien placerat ante.",94 Harbort Avenue,2
980,2,In hac habitasse platea dictumst. Etiam faucibus cursus urna.,284 Mandrake Center,2
981,5,Nullam varius. Nulla facilisi.,24403 Ridgeway Road,2
982,5,Etiam justo.,817 Dorton Street,4
983,3,Nullam porttitor lacus at turpis. Donec posuere metus vitae ipsum.,7 Elka Lane,2
984,3,In congue.,47069 Hintze Trail,2
985,1,Etiam faucibus cursus urna.,1 Londonderry Park,2
986,2,Proin at turpis a pede posuere nonummy.,193 Norway Maple Circle,4
987,2,Aenean lectus. Pellentesque eget nunc.,26 Jenifer Court,4
988,2,"Suspendisse ornare consequat lectus. In est risus, auctor sed, tristique in, tempus sit amet, sem.",08009 Hoffman Alley,3
989,2,Maecenas tincidunt lacus at velit.,10472 Lotheville Place,4
990,3,"Morbi ut odio. Cras mi pede, malesuada in, imperdiet et, commodo vulputate, justo.",20 Macpherson Drive,1
991,3,Praesent id massa id nisl venenatis lacinia. Aenean sit amet justo.,961 Grover Alley,4
992,2,Proin at turpis a pede posuere nonummy. Integer non velit.,97606 Kenwood Parkway,4
993,4,Quisque id justo sit amet sapien dignissim vestibulum. Vestibulum ante ipsum primis in faucibus orci luctus et ultrices posuere cubilia Curae; Nulla dapibus dolor vel est.,51143 Melody Street,1
994,5,"Nulla ac enim. In tempor, turpis nec euismod scelerisque, quam turpis adipiscing lorem, vitae mattis nibh ligula nec sem.",8 Comanche Crossing,3
995,4,Proin risus. Praesent lectus.,279 Dwight Terrace,4
996,5,Donec semper sapien a libero.,57 Calypso Point,4
997,2,"Vivamus metus arcu, adipiscing molestie, hendrerit at, vulputate vitae, nisl.",70183 Prairie Rose Lane,1
998,3,"Cum sociis natoque penatibus et magnis dis parturient montes, nascetur ridiculus mus.",46621 Petterle Drive,2
999,1,"Aliquam augue quam, sollicitudin vitae, consectetuer eget, rutrum at, lorem. Integer tincidunt ante vel ipsum.",9 Cascade Hill,3
1000,1,"Aliquam augue quam, sollicitudin vitae, consectetuer eget, rutrum at, lorem.",59 Hanson Point,1
